AITKIN,T001,1,AITKIN,1 OF 2
BALL BLUFF,T002,1,AITKIN,2 OF 2
BALSAM,T003,1,AITKIN,2 OF 2
BEAVER,T004,1,AITKIN,1 OF 2
CLARK,T005,1,AITKIN,2 OF 2
CORNISH,T006,1,AITKIN,2 OF 2
FARM ISLAND,T007,1,AITKIN,1 OF 2
FLEMING,T008,1,AITKIN,2 OF 2
GLEN,T009,1,AITKIN,1 OF 2
HAUGEN,T010,1,AITKIN,2 OF 2
HAZELTON,T011,1,AITKIN,1 OF 2
HILL LAKE,T012,1,AITKIN,2 OF 2
IDUN,T013,1,AITKIN,1 OF 2
JEVNE,T014,1,AITKIN,2 OF 2
KIMBERLY,T015,1,AITKIN,1 OF 2
LAKESIDE,T016,1,AITKIN,1 OF 2
LEE,T017,1,AITKIN,1 OF 2
LIBBY,T018,1,AITKIN,2 OF 2
LOGAN,T019,1,AITKIN,2 OF 2
MACVILLE,T021,1,AITKIN,2 OF 2
MALMO,T022,1,AITKIN,1 OF 2
MC GREGOR,T020,1,AITKIN,2 OF 2
MILLWARD,T041,1,AITKIN,1 OF 1
MORRISON,T023,1,AITKIN,2 OF 2
NORDLAND,T024,1,AITKIN,1 OF 2
PLINY,T025,1,AITKIN,1 OF 2
RICE RIVER,T026,1,AITKIN,1 OF 2
SALO,T027,1,AITKIN,1 OF 2
SEAVEY,T028,1,AITKIN,1 OF 2
SHAMROCK,T029,1,AITKIN,2 OF 2
SPALDING,T030,1,AITKIN,1 OF 2
SPENCER,T031,1,AITKIN,1 OF 2
TURNER,T032,1,AITKIN,2 OF 2
VERDON,T033,1,AITKIN,2 OF 2
WAGNER,T034,1,AITKIN,1 OF 2
WAUKENABO,T035,1,AITKIN,2 OF 2
WEALTHWOOD,T036,1,AITKIN,1 OF 2
WHITE PINE,T037,1,AITKIN,1 OF 2
WILLIAMS,T038,1,AITKIN,1 OF 2
WORKMAN,T039,1,AITKIN,2 OF 2
BURNS,T002,2,ANOKA,1 OF 1
COLUMBUS,T003,2,ANOKA,1 OF 1
LINWOOD,T006,2,ANOKA,1 OF 1
OAK GROVE,T007,2,ANOKA,1 OF 1
ATLANTA,T001,3,BECKER,1 OF 2
AUDUBON,T002,3,BECKER,1 OF 2
BURLINGTON,T003,3,BECKER,1A OF 2
CALLAWAY,T004,3,BECKER,1 OF 2
CARSONVILLE,T005,3,BECKER,2 OF 2
CORMORANT,T006,3,BECKER,1 OF 2
CUBA,T007,3,BECKER,1 OF 2
DETROIT,T008,3,BECKER,1A OF 2
EAGLE VIEW,T038,3,BECKER,2 OF 2
ERIE,T009,3,BECKER,1A OF 2
EVERGREEN,T010,3,BECKER,2 OF 2
FOREST,T037,3,BECKER,2 OF 2
GREEN VALLEY,T012,3,BECKER,2 OF 2
HAMDEN,T013,3,BECKER,1 OF 2
HEIGHT OF LAND,T014,3,BECKER,2 OF 2
HOLMESVILLE,T015,3,BECKER,1 OF 2
LAKE EUNICE,T016,3,BECKER,1 OF 2
LAKE PARK,T017,3,BECKER,1 OF 2
LAKE VIEW,T018,3,BECKER,1A OF 2
MAPLE GROVE,T019,3,BECKER,1 OF 2
OSAGE,T020,3,BECKER,2 OF 2
PINE POINT,T021,3,BECKER,2 OF 2
RICEVILLE,T022,3,BECKER,1 OF 2
RICHWOOD,T023,3,BECKER,1 OF 2
ROUND LAKE,T024,3,BECKER,2 OF 2
RUNEBERG,T025,3,BECKER,2 OF 2
SAVANNAH,T026,3,BECKER,2 OF 2
SHELL LAKE,T027,3,BECKER,2 OF 2
SILVER LEAF,T028,3,BECKER,2 OF 2
SPRING CREEK,T029,3,BECKER,1 OF 2
SPRUCE GROVE,T030,3,BECKER,2 OF 2
SUGAR BUSH,T031,3,BECKER,1 OF 2, 2 OF 2
TOAD LAKE,T032,3,BECKER,2 OF 2
TWO INLETS,T033,3,BECKER,2 OF 2
WALWORTH,T034,3,BECKER,1 OF 2
WHITE EARTH,T035,3,BECKER,1 OF 2
WOLF LAKE,T036,3,BECKER,2 OF 2
ALASKA,T001,4,BELTRAMI,1 OF 4
BATTLE,T002,4,BELTRAMI,3 OF 4
BEMIDJI,T003,4,BELTRAMI,1 OF 4
BENVILLE,T004,4,BELTRAMI,4 OF 4
BIRCH,T005,4,BELTRAMI,1 OF 4
BUZZLE,T006,4,BELTRAMI,1 OF 4
CORMANT,T007,4,BELTRAMI,3 OF 4
DURAND,T008,4,BELTRAMI,1 OF 4
ECKLES,T009,4,BELTRAMI,1 OF 4
FROHN,T010,4,BELTRAMI,1 OF 4
GRANT VALLEY,T011,4,BELTRAMI,1 OF 4
HAGALI,T012,4,BELTRAMI,1 OF 4
HAMRE,T013,4,BELTRAMI,2 OF 4
HINES,T014,4,BELTRAMI,1 OF 4
HORNET,T015,4,BELTRAMI,1 OF 4
JONES,T016,4,BELTRAMI,1 OF 4
KELLIHER,T017,4,BELTRAMI,3 OF 4
LAMMERS,T018,4,BELTRAMI,1 OF 4
LANGOR,T019,4,BELTRAMI,1 OF 4
LEE,T020,4,BELTRAMI,2 OF 4
LIBERTY,T021,4,BELTRAMI,1 OF 4
MAPLE RIDGE,T022,4,BELTRAMI,1 OF 4
MINNIE,T023,4,BELTRAMI,4 OF 4
MOOSE LAKE,T024,4,BELTRAMI,1 OF 4
NEBISH,T025,4,BELTRAMI,1 OF 4
NORTHERN,T026,4,BELTRAMI,1 OF 4
OBRIEN,T027,4,BELTRAMI,1 OF 4
PORT HOPE,T028,4,BELTRAMI,1 OF 4
QUIRING,T029,4,BELTRAMI,3 OF 4
ROOSEVELT,T030,4,BELTRAMI,1 OF 4
SHOOKS,T031,4,BELTRAMI,3 OF 4
SHOTLEY,T032,4,BELTRAMI,3 OF 4
SPRUCE GROVE,T033,4,BELTRAMI,4 OF 4
STEENERSON,T034,4,BELTRAMI,2 OF 4
SUGAR BUSH,T035,4,BELTRAMI,1 OF 4
SUMMIT,T036,4,BELTRAMI,1 OF 4
TAYLOR,T045,4,BELTRAMI,1 OF 4
TEN LAKE,T037,4,BELTRAMI,1 OF 4
TURTLE LAKE,T038,4,BELTRAMI,1 OF 4
TURTLE RIVER,T039,4,BELTRAMI,1 OF 4
WASKISH,T043,4,BELTRAMI,3 OF 4
WOODROW,T040,4,BELTRAMI,3 OF 4
ALBERTA,T001,5,BENTON,1 OF 1
GILMANTON,T002,5,BENTON,1 OF 1
GLENDORADO,T003,5,BENTON,1 OF 1
GRAHAM,T004,5,BENTON,1 OF 1
GRANITE LEDGE,T005,5,BENTON,1 OF 1
LANGOLA,T006,5,BENTON,1 OF 1
MAYHEW LAKE,T007,5,BENTON,1 OF 1
MAYWOOD,T008,5,BENTON,1 OF 1
MINDEN,T009,5,BENTON,1 OF 1
SAUK RAPIDS,T011,5,BENTON,1 OF 1
ST GEORGE,T010,5,BENTON,1 OF 1
WATAB,T012,5,BENTON,1 OF 1
AKRON,T001,6,BIG STONE,1 OF 1
ALMOND,T002,6,BIG STONE,1 OF 1
ARTICHOKE,T003,6,BIG STONE,1 OF 1
BIG STONE,T004,6,BIG STONE,1 OF 1
BROWNS VALLEY,T005,6,BIG STONE,1 OF 1
FOSTER,T006,6,BIG STONE,1 OF 1
GRACEVILLE,T007,6,BIG STONE,1 OF 1
MALTA,T008,6,BIG STONE,1 OF 1
MOONSHINE,T009,6,BIG STONE,1 OF 1
ODESSA,T010,6,BIG STONE,1 OF 1
ORTONVILLE,T011,6,BIG STONE,1 OF 1
OTREY,T012,6,BIG STONE,1 OF 1
PRIOR,T013,6,BIG STONE,1 OF 1
TOQUA,T014,6,BIG STONE,1 OF 1
BEAUFORD,T001,7,BLUE EARTH,1 OF 1
BUTTERNUT VALLEY,T002,7,BLUE EARTH,1 OF 1
CAMBRIA,T003,7,BLUE EARTH,1 OF 1
CERESCO,T004,7,BLUE EARTH,1 OF 1
DANVILLE,T005,7,BLUE EARTH,1 OF 1
DECORIA,T006,7,BLUE EARTH,1 OF 1
GARDEN CITY,T007,7,BLUE EARTH,1 OF 1
JAMESTOWN,T008,7,BLUE EARTH,1 OF 1
JUDSON,T009,7,BLUE EARTH,1 OF 1
LE RAY,T010,7,BLUE EARTH,1 OF 1
LIME,T011,7,BLUE EARTH,1 OF 1
LINCOLN,T012,7,BLUE EARTH,1 OF 1
LYRA,T013,7,BLUE EARTH,1 OF 1
MANKATO,T015,7,BLUE EARTH,1 OF 1
MAPLETON,T016,7,BLUE EARTH,1 OF 1
MC PHERSON,T014,7,BLUE EARTH,1 OF 1
MEDO,T017,7,BLUE EARTH,1 OF 1
PLEASANT MOUND,T018,7,BLUE EARTH,1 OF 1
RAPIDAN,T019,7,BLUE EARTH,1 OF 1
SHELBY,T020,7,BLUE EARTH,1 OF 1
SOUTH BEND,T021,7,BLUE EARTH,1 OF 1
STERLING,T022,7,BLUE EARTH,1 OF 1
VERNON CENTER,T023,7,BLUE EARTH,1 OF 1
ALBIN,T001,8,BROWN,1 OF 1
BASHAW,T002,8,BROWN,1 OF 1
BURNSTOWN,T003,8,BROWN,1 OF 1
COTTONWOOD,T004,8,BROWN,1 OF 1
EDEN,T005,8,BROWN,1 OF 1
HOME,T006,8,BROWN,1 OF 1
LAKE HANSKA,T007,8,BROWN,1 OF 1
LEAVENWORTH,T008,8,BROWN,1 OF 1
LINDEN,T009,8,BROWN,1 OF 1
MILFORD,T010,8,BROWN,1 OF 1
MULLIGAN,T011,8,BROWN,1 OF 1
NORTH STAR,T012,8,BROWN,1 OF 1
PRAIRIEVILLE,T013,8,BROWN,1 OF 1
SIGEL,T014,8,BROWN,1 OF 1
STARK,T015,8,BROWN,1 OF 1
STATELY,T016,8,BROWN,1 OF 1
ATKINSON,T001,9,CARLTON,1 OF 1
AUTOMBA,T002,9,CARLTON,1 OF 1
BARNUM,T003,9,CARLTON,1 OF 1
BESEMAN,T004,9,CARLTON,1 OF 1
BLACKHOOF,T005,9,CARLTON,1 OF 1
HOLYOKE,T006,9,CARLTON,1 OF 1
KALEVALA,T007,9,CARLTON,1 OF 1
LAKEVIEW,T009,9,CARLTON,1 OF 1
MAHTOWA,T010,9,CARLTON,1 OF 1
MOOSE LAKE,T011,9,CARLTON,1 OF 1
PERCH LAKE,T029,9,CARLTON,1 OF 1
SILVER,T012,9,CARLTON,1 OF 1
SILVER BROOK,T013,9,CARLTON,1 OF 1
SKELTON,T014,9,CARLTON,1 OF 1
SPLIT ROCK,T015,9,CARLTON,1 OF 1
THOMSON,T016,9,CARLTON,1 OF 1
TWIN LAKES,T017,9,CARLTON,1 OF 1
WRENSHALL,T018,9,CARLTON,1 OF 1
BENTON,T001,10,CARVER,1 OF 2
CAMDEN,T002,10,CARVER,1 OF 2
CHASKA,T004,10,CARVER,2 OF 2
DAHLGREN,T005,10,CARVER,2 OF 2
HANCOCK,T006,10,CARVER,1 OF 2
HOLLYWOOD,T007,10,CARVER,1 OF 2
LAKETOWN,T008,10,CARVER,2 OF 2
SAN FRANCISCO,T009,10,CARVER,2 OF 2
WACONIA,T010,10,CARVER,1 OF 2
WATERTOWN,T011,10,CARVER,1 OF 2
YOUNG AMERICA,T012,10,CARVER,1 OF 2
ANSEL,T001,11,CASS,1 OF 4
BARCLAY,T002,11,CASS,2 OF 4
BECKER,T003,11,CASS,1 OF 4
BEULAH,T004,11,CASS,3 OF 4
BIRCH LAKE,T005,11,CASS,2 OF 4
BLIND LAKE,T006,11,CASS,3 OF 4
BOY LAKE,T007,11,CASS,3 OF 4
BOY RIVER,T008,11,CASS,4 OF 4
BULL MOOSE,T009,11,CASS,2 OF 4
BUNGO,T010,11,CASS,1 OF 4
BYRON,T011,11,CASS,1 OF 4
CROOKED LAKE,T012,11,CASS,3 OF 4
DEERFIELD,T013,11,CASS,2 OF 4
EAST GULL LAKE,T068,11,CASS,1 OF 4
FAIRVIEW,T014,11,CASS,1 OF 4
GOULD,T015,11,CASS,4 OF 4
HIRAM,T016,11,CASS,2 OF 4
HOME BROOK,T017,11,CASS,1 OF 4
INGUADONA,T067,11,CASS,3 OF 4
KEGO,T018,11,CASS,3 OF 4
LEECH LAKE,T019,11,CASS,4 OF 4
LIMA,T020,11,CASS,3 OF 4
LOON LAKE,T021,11,CASS,1 OF 4
MAPLE,T023,11,CASS,1 OF 4
MAY,T024,11,CASS,1 OF 4
MCKINLEY,T022,11,CASS,2 OF 4
MEADOW BROOK,T025,11,CASS,1 OF 4
MOOSE LAKE,T026,11,CASS,1 OF 4
PENINSULA,T051,11,CASS,4 OF 4
PIKE BAY,T027,11,CASS,4 OF 4
PINE LAKE,T028,11,CASS,2 OF 4
PINE RIVER,T029,11,CASS,2 OF 4
PONTO LAKE,T030,11,CASS,2 OF 4
POPLAR,T031,11,CASS,1 OF 4
POWERS,T032,11,CASS,2 OF 4
REMER,T033,11,CASS,3 OF 4
ROGERS,T034,11,CASS,3 OF 4
SALEM,T035,11,CASS,4 OF 4
SHINGOBEE,T036,11,CASS,2 OF 4
SLATER,T037,11,CASS,3 OF 4
SMOKY HOLLOW,T038,11,CASS,3 OF 4
SYLVAN,T039,11,CASS,1 OF 4
THUNDER LAKE,T040,11,CASS,3 OF 4
TORREY,T041,11,CASS,4 OF 4
TRELIPE,T042,11,CASS,3 OF 4
TURTLE LAKE,T043,11,CASS,2 OF 4
WABEDO,T044,11,CASS,3 OF 4
WAHNENA,T045,11,CASS,4 OF 4
WALDEN,T046,11,CASS,1 OF 4
WILKINSON,T047,11,CASS,4 OF 4
WILSON,T048,11,CASS,1 OF 4
WOODROW,T049,11,CASS,2 OF 4
BIG BEND,T001,12,CHIPPEWA,1 OF 1
CRATE,T002,12,CHIPPEWA,1 OF 1
GRACE,T003,12,CHIPPEWA,1 OF 1
GRANITE FALLS,T004,12,CHIPPEWA,1 OF 1
HAVELOCK,T005,12,CHIPPEWA,1 OF 1
KRAGERO,T006,12,CHIPPEWA,1 OF 1
LEENTHROP,T007,12,CHIPPEWA,1 OF 1
LONE TREE,T008,12,CHIPPEWA,1 OF 1
LOURISTON,T009,12,CHIPPEWA,1 OF 1
MANDT,T010,12,CHIPPEWA,1 OF 1
RHEIDERLAND,T011,12,CHIPPEWA,1 OF 1
ROSEWOOD,T012,12,CHIPPEWA,1 OF 1
SPARTA,T013,12,CHIPPEWA,1 OF 1
STONEHAM,T014,12,CHIPPEWA,1 OF 1
TUNSBERG,T015,12,CHIPPEWA,1 OF 1
WOODS,T016,12,CHIPPEWA,1 OF 1
AMADOR,T001,13,CHISAGO,1 OF 1
CHISAGO LAKE,T002,13,CHISAGO,1 OF 1
FISH LAKE,T003,13,CHISAGO,1 OF 1
FRANCONIA,T004,13,CHISAGO,1 OF 1
LENT,T005,13,CHISAGO,1 OF 1
NESSEL,T006,13,CHISAGO,1 OF 1
RUSHSEBA,T007,13,CHISAGO,1 OF 1
SHAFER,T008,13,CHISAGO,1 OF 1
SUNRISE,T009,13,CHISAGO,1 OF 1
WYOMING,T010,13,CHISAGO,1 OF 1
ALLIANCE,T001,14,CLAY,1 OF 1
BARNESVILLE,T002,14,CLAY,1 OF 1
CROMWELL,T003,14,CLAY,1 OF 1
EGLON,T004,14,CLAY,1 OF 1
ELKTON,T005,14,CLAY,1 OF 1
ELMWOOD,T006,14,CLAY,1 OF 1
FELTON,T007,14,CLAY,1 OF 1
FLOWING,T008,14,CLAY,1 OF 1
GEORGETOWN,T009,14,CLAY,1 OF 1
GLYNDON,T010,14,CLAY,1 OF 1
GOOSE PRAIRIE,T011,14,CLAY,1 OF 1
HAGEN,T012,14,CLAY,1 OF 1
HAWLEY,T013,14,CLAY,1 OF 1
HIGHLAND GROVE,T014,14,CLAY,1 OF 1
HOLY CROSS,T015,14,CLAY,1 OF 1
HUMBOLDT,T016,14,CLAY,1 OF 1
KEENE,T017,14,CLAY,1 OF 1
KRAGNES,T018,14,CLAY,1 OF 1
KURTZ,T019,14,CLAY,1 OF 1
MOLAND,T020,14,CLAY,1 OF 1
MOORHEAD,T021,14,CLAY,1 OF 1
MORKEN,T022,14,CLAY,1 OF 1
OAKPORT,T023,14,CLAY,1 OF 1
PARKE,T024,14,CLAY,1 OF 1
RIVERTON,T025,14,CLAY,1 OF 1
SKREE,T026,14,CLAY,1 OF 1
SPRING PRAIRIE,T027,14,CLAY,1 OF 1
TANSEM,T028,14,CLAY,1 OF 1
ULEN,T029,14,CLAY,1 OF 1
VIDING,T030,14,CLAY,1 OF 1
BEAR CREEK,T001,15,CLEARWATER,1 OF 1
CLOVER,T002,15,CLEARWATER,1 OF 1
COPLEY,T003,15,CLEARWATER,1 OF 1
DUDLEY,T004,15,CLEARWATER,1 OF 1
EDDY,T005,15,CLEARWATER,1 OF 1
FALK,T006,15,CLEARWATER,1 OF 1
GREENWOOD,T007,15,CLEARWATER,1 OF 1
HANGAARD,T008,15,CLEARWATER,1 OF 1
HOLST,T009,15,CLEARWATER,1 OF 1
ITASCA,T010,15,CLEARWATER,1 OF 1
LA PRAIRIE,T011,15,CLEARWATER,1 OF 1
LEON,T012,15,CLEARWATER,1 OF 1
MINERVA,T013,15,CLEARWATER,1 OF 1
MOOSE CREEK,T014,15,CLEARWATER,1 OF 1
NORA,T015,15,CLEARWATER,1 OF 1
PINE LAKE,T016,15,CLEARWATER,1 OF 1
POPPLE,T017,15,CLEARWATER,1 OF 1
RICE,T018,15,CLEARWATER,1 OF 1
SHEVLIN,T019,15,CLEARWATER,1 OF 1
SINCLAIR,T020,15,CLEARWATER,1 OF 1
WINSOR,T021,15,CLEARWATER,1 OF 1
LUTSEN,T003,16,COOK,1 OF 3
SCHROEDER,T001,16,COOK,1 OF 3
TOFTE,T002,16,COOK,1 OF 3
AMBOY,T001,17,COTTONWOOD,1 OF 1
AMO,T002,17,COTTONWOOD,1 OF 1
ANN,T003,17,COTTONWOOD,1 OF 1
CARSON,T004,17,COTTONWOOD,1 OF 1
DALE,T005,17,COTTONWOOD,1 OF 1
DELTON,T006,17,COTTONWOOD,1 OF 1
GERMANTOWN,T007,17,COTTONWOOD,1 OF 1
GREAT BEND,T008,17,COTTONWOOD,1 OF 1
HIGHWATER,T009,17,COTTONWOOD,1 OF 1
LAKESIDE,T010,17,COTTONWOOD,1 OF 1
MIDWAY,T011,17,COTTONWOOD,1 OF 1
MOUNTAIN LAKE,T012,17,COTTONWOOD,1 OF 1
ROSE HILL,T013,17,COTTONWOOD,1 OF 1
SELMA,T014,17,COTTONWOOD,1 OF 1
SOUTHBROOK,T015,17,COTTONWOOD,1 OF 1
SPRINGFIELD,T016,17,COTTONWOOD,1 OF 1
STORDEN,T017,17,COTTONWOOD,1 OF 1
WESTBROOK,T018,17,COTTONWOOD,1 OF 1
BAY LAKE,T001,18,CROW WING,1 OF 2
CENTER,T002,18,CROW WING,1 OF 2, 2 OF 2
CROW WING,T003,18,CROW WING,1 OF 2
DAGGETT BROOK,T004,18,CROW WING,1 OF 2
DEAN LAKE,T005,18,CROW WING,2 OF 2
DEERWOOD,T006,18,CROW WING,1 OF 2, 2 OF 2
FAIRFIELD,T007,18,CROW WING,2 OF 2
FORT RIPLEY,T008,18,CROW WING,1 OF 2
GAIL LAKE,T009,18,CROW WING,2 OF 2
GARRISON,T010,18,CROW WING,1 OF 2
IDEAL,T011,18,CROW WING,2 OF 2
IRONDALE,T012,18,CROW WING,1 OF 2, 2 OF 2
JENKINS,T013,18,CROW WING,2 OF 2
LAKE EDWARDS,T014,18,CROW WING,2 OF 2
LITTLE PINE,T015,18,CROW WING,2 OF 2
LONG LAKE,T016,18,CROW WING,1 OF 2
MAPLE GROVE,T017,18,CROW WING,1 OF 2
MISSION,T018,18,CROW WING,2 OF 2
NOKAY LAKE,T019,18,CROW WING,1 OF 2
OAK LAWN,T020,18,CROW WING,1 OF 2
PELICAN,T021,18,CROW WING,2 OF 2
PERRY LAKE,T022,18,CROW WING,2 OF 2
PLATTE LAKE,T023,18,CROW WING,1 OF 2
RABBIT LAKE,T024,18,CROW WING,2 OF 2
ROOSEVELT,T025,18,CROW WING,1 OF 2
ROSS LAKE,T026,18,CROW WING,2 OF 2
SIBLEY,T028,18,CROW WING,2 OF 2
ST MATHIAS,T027,18,CROW WING,1 OF 2
TIMOTHY,T029,18,CROW WING,2 OF 2
WOLFORD,T030,18,CROW WING,2 OF 2
CASTLE ROCK,T001,19,DAKOTA,1 OF 3
DOUGLAS,T002,19,DAKOTA,2 OF 3
EMPIRE,T004,19,DAKOTA,1 OF 3
EUREKA,T005,19,DAKOTA,1 OF 3
GREENVALE,T006,19,DAKOTA,1 OF 3
HAMPTON,T007,19,DAKOTA,2 OF 3
MARSHAN,T008,19,DAKOTA,2 OF 3
NININGER,T009,19,DAKOTA,2 OF 3
RANDOLPH,T010,19,DAKOTA,2 OF 3
RAVENNA,T011,19,DAKOTA,2 OF 3
SCIOTA,T012,19,DAKOTA,1 OF 3
VERMILLION,T013,19,DAKOTA,2 OF 3
WATERFORD,T014,19,DAKOTA,1 OF 3
ASHLAND,T001,20,DODGE,1 OF 1
CANISTEO,T002,20,DODGE,1 OF 1
CLAREMONT,T003,20,DODGE,1 OF 1
CONCORD,T004,20,DODGE,1 OF 1
ELLINGTON,T005,20,DODGE,1 OF 1
HAYFIELD,T006,20,DODGE,1 OF 1
MANTORVILLE,T007,20,DODGE,1 OF 1
MILTON,T008,20,DODGE,1 OF 1
RIPLEY,T009,20,DODGE,1 OF 1
VERNON,T010,20,DODGE,1 OF 1
WASIOJA,T011,20,DODGE,1 OF 1
WESTFIELD,T012,20,DODGE,1 OF 1
ALEXANDRIA,T001,21,DOUGLAS,1 OF 1
BELLE RIVER,T002,21,DOUGLAS,1 OF 1
BRANDON,T003,21,DOUGLAS,1 OF 1
CARLOS,T004,21,DOUGLAS,1 OF 1
EVANSVILLE,T005,21,DOUGLAS,1 OF 1
HOLMES CITY,T006,21,DOUGLAS,1 OF 1
HUDSON,T007,21,DOUGLAS,1 OF 1
IDA,T008,21,DOUGLAS,1 OF 1
LA GRAND,T009,21,DOUGLAS,1 OF 1
LAKE MARY,T010,21,DOUGLAS,1 OF 1
LEAF VALLEY,T011,21,DOUGLAS,1 OF 1
LUND,T012,21,DOUGLAS,1 OF 1
MILLERVILLE,T013,21,DOUGLAS,1 OF 1
MILTONA,T014,21,DOUGLAS,1 OF 1
MOE,T015,21,DOUGLAS,1 OF 1
ORANGE,T016,21,DOUGLAS,1 OF 1
OSAKIS,T017,21,DOUGLAS,1 OF 1
SOLEM,T018,21,DOUGLAS,1 OF 1
SPRUCE HILL,T019,21,DOUGLAS,1 OF 1
URNESS,T020,21,DOUGLAS,1 OF 1
BARBER,T001,22,FARIBAULT,1 OF 1
BLUE EARTH CITY,T002,22,FARIBAULT,1 OF 1
BRUSH CREEK,T003,22,FARIBAULT,1 OF 1
CLARK,T004,22,FARIBAULT,1 OF 1
DELAVAN,T005,22,FARIBAULT,1 OF 1
DUNBAR,T006,22,FARIBAULT,1 OF 1
ELMORE,T007,22,FARIBAULT,1 OF 1
EMERALD,T008,22,FARIBAULT,1 OF 1
FOSTER,T009,22,FARIBAULT,1 OF 1
JO DAVIESS,T010,22,FARIBAULT,1 OF 1
KIESTER,T011,22,FARIBAULT,1 OF 1
LURA,T012,22,FARIBAULT,1 OF 1
MINNESOTA LAKE,T013,22,FARIBAULT,1 OF 1
PILOT GROVE,T014,22,FARIBAULT,1 OF 1
PRESCOTT,T015,22,FARIBAULT,1 OF 1
ROME,T016,22,FARIBAULT,1 OF 1
SEELY,T017,22,FARIBAULT,1 OF 1
VERONA,T018,22,FARIBAULT,1 OF 1
WALNUT LAKE,T019,22,FARIBAULT,1 OF 1
WINNEBAGO CITY,T020,22,FARIBAULT,1 OF 1
AMHERST,T001,23,FILLMORE,1 OF 1
ARENDAHL,T002,23,FILLMORE,1 OF 1
BEAVER,T003,23,FILLMORE,1 OF 1
BLOOMFIELD,T004,23,FILLMORE,1 OF 1
BRISTOL,T005,23,FILLMORE,1 OF 1
CANTON,T006,23,FILLMORE,1 OF 1
CARIMONA,T007,23,FILLMORE,1 OF 1
CARROLTON,T008,23,FILLMORE,1 OF 1
CHATFIELD,T009,23,FILLMORE,1 OF 1
FILLMORE,T010,23,FILLMORE,1 OF 1
FORESTVILLE,T011,23,FILLMORE,1 OF 1
FOUNTAIN,T023,23,FILLMORE,1 OF 1
HARMONY,T012,23,FILLMORE,1 OF 1
HOLT,T013,23,FILLMORE,1 OF 1
JORDAN,T014,23,FILLMORE,1 OF 1
NEWBURG,T015,23,FILLMORE,1 OF 1
NORWAY,T016,23,FILLMORE,1 OF 1
PILOT MOUND,T017,23,FILLMORE,1 OF 1
PREBLE,T018,23,FILLMORE,1 OF 1
PRESTON,T019,23,FILLMORE,1 OF 1
SPRING VALLEY,T020,23,FILLMORE,1 OF 1
SUMNER,T021,23,FILLMORE,1 OF 1
YORK,T022,23,FILLMORE,1 OF 1
ALBERT LEA,T001,24,FREEBORN,1 OF 1
ALDEN,T002,24,FREEBORN,1 OF 1
BANCROFT,T003,24,FREEBORN,1 OF 1
BATH,T004,24,FREEBORN,1 OF 1
CARLSTON,T005,24,FREEBORN,1 OF 1
FREEBORN,T006,24,FREEBORN,1 OF 1
FREEMAN,T007,24,FREEBORN,1 OF 1
GENEVA,T008,24,FREEBORN,1 OF 1
HARTLAND,T009,24,FREEBORN,1 OF 1
HAYWARD,T010,24,FREEBORN,1 OF 1
LONDON,T011,24,FREEBORN,1 OF 1
MANCHESTER,T012,24,FREEBORN,1 OF 1
MANSFIELD,T013,24,FREEBORN,1 OF 1
MOSCOW,T014,24,FREEBORN,1 OF 1
NEWRY,T015,24,FREEBORN,1 OF 1
NUNDA,T016,24,FREEBORN,1 OF 1
OAKLAND,T017,24,FREEBORN,1 OF 1
PICKEREL LAKE,T018,24,FREEBORN,1 OF 1
RICELAND,T019,24,FREEBORN,1 OF 1
SHELL ROCK,T020,24,FREEBORN,1 OF 1
BELLE CREEK,T001,25,GOODHUE,1 OF 1
BELVIDERE,T002,25,GOODHUE,1 OF 1
CANNON FALLS,T003,25,GOODHUE,1 OF 1
CENTRAL POINT,T022,25,GOODHUE,1 OF 1
CHERRY GROVE,T004,25,GOODHUE,1 OF 1
FEATHERSTONE,T005,25,GOODHUE,1 OF 1
FLORENCE,T006,25,GOODHUE,1 OF 1
GOODHUE,T007,25,GOODHUE,1 OF 1
HAY CREEK,T008,25,GOODHUE,1 OF 1
HOLDEN,T009,25,GOODHUE,1 OF 1
KENYON,T010,25,GOODHUE,1 OF 1
LEON,T011,25,GOODHUE,1 OF 1
MINNEOLA,T012,25,GOODHUE,1 OF 1
PINE ISLAND,T013,25,GOODHUE,1 OF 1
ROSCOE,T014,25,GOODHUE,1 OF 1
STANTON,T015,25,GOODHUE,1 OF 1
VASA,T016,25,GOODHUE,1 OF 1
WACOUTA,T021,25,GOODHUE,1 OF 1
WANAMINGO,T017,25,GOODHUE,1 OF 1
WARSAW,T018,25,GOODHUE,1 OF 1
WELCH,T019,25,GOODHUE,1 OF 1
ZUMBROTA,T020,25,GOODHUE,1 OF 1
DELAWARE,T001,26,GRANT,1 OF 1
ELBOW LAKE,T002,26,GRANT,1 OF 1
ELK LAKE,T003,26,GRANT,1 OF 1
ERDAHL,T004,26,GRANT,1 OF 1
GORTON,T005,26,GRANT,1 OF 1
LAND,T006,26,GRANT,1 OF 1
LAWRENCE,T007,26,GRANT,1 OF 1
LIEN,T008,26,GRANT,1 OF 1
LOGAN,T009,26,GRANT,1 OF 1
MACSVILLE,T010,26,GRANT,1 OF 1
NORTH OTTAWA,T011,26,GRANT,1 OF 1
PELICAN LAKE,T012,26,GRANT,1 OF 1
POMME DE TERRE,T013,26,GRANT,1 OF 1
ROSEVILLE,T014,26,GRANT,1 OF 1
SANFORD,T015,26,GRANT,1 OF 1
STONY BROOK,T016,26,GRANT,1 OF 1
HASSAN,T001,27,HENNEPIN,3 OF 4
BLACK HAMMER,T001,28,HOUSTON,1 OF 1
BROWNVILLE,T002,28,HOUSTON,1 OF 1
CALEDONIA,T003,28,HOUSTON,1 OF 1
CROOKED CREEK,T004,28,HOUSTON,1 OF 1
HOKAH,T005,28,HOUSTON,1 OF 1
HOUSTON,T006,28,HOUSTON,1 OF 1
JEFFERSON,T007,28,HOUSTON,1 OF 1
LA CRESCENT,T008,28,HOUSTON,1 OF 1
MAYVILLE,T009,28,HOUSTON,1 OF 1
MONEY CREEK,T010,28,HOUSTON,1 OF 1
MOUND PRAIRIE,T011,28,HOUSTON,1 OF 1
SHELDON,T012,28,HOUSTON,1 OF 1
SPRING GROVE,T013,28,HOUSTON,1 OF 1
UNION,T014,28,HOUSTON,1 OF 1
WILMINGTON,T015,28,HOUSTON,1 OF 1
WINNEBAGO,T016,28,HOUSTON,1 OF 1
YUCATAN,T017,28,HOUSTON,1 OF 1
AKELEY,T001,29,HUBBARD,1 OF 1
ARAGO,T002,29,HUBBARD,1 OF 1
BADOURA,T003,29,HUBBARD,1 OF 1
CLAY,T026,29,HUBBARD,1 OF 1
CLOVER,T004,29,HUBBARD,1 OF 1
CROW WING LAKE,T005,29,HUBBARD,1 OF 1
FARDEN,T006,29,HUBBARD,1 OF 1
FERN,T007,29,HUBBARD,1 OF 1
GUTHRIE,T008,29,HUBBARD,1 OF 1
HART LAKE,T009,29,HUBBARD,1 OF 1
HELGA,T010,29,HUBBARD,1 OF 1
HENDRICKSON,T011,29,HUBBARD,1 OF 1
HENRIETTA,T012,29,HUBBARD,1 OF 1
HUBBARD,T013,29,HUBBARD,1 OF 1
LAKE ALICE,T014,29,HUBBARD,1 OF 1
LAKE EMMA,T033,29,HUBBARD,1 OF 1
LAKE GEORGE,T015,29,HUBBARD,1 OF 1
LAKE HATTIE,T016,29,HUBBARD,1 OF 1
LAKEPORT,T017,29,HUBBARD,1 OF 1
MANTRAP,T018,29,HUBBARD,1 OF 1
NEVIS,T019,29,HUBBARD,1 OF 1
ROCKWOOD,T020,29,HUBBARD,1 OF 1
SCHOOLCRAFT,T021,29,HUBBARD,1 OF 1
STEAMBOAT RIVER,T027,29,HUBBARD,1 OF 1
STRAIGHT RIVER,T022,29,HUBBARD,1 OF 1
THORPE,T023,29,HUBBARD,1 OF 1
TODD,T024,29,HUBBARD,1 OF 1
WHITE OAK,T025,29,HUBBARD,1 OF 1
ATHENS,T001,30,ISANTI,1 OF 1
BRADFORD,T002,30,ISANTI,1 OF 1
CAMBRIDGE,T003,30,ISANTI,1 OF 1
DALBO,T004,30,ISANTI,1 OF 1
ISANTI,T005,30,ISANTI,1 OF 1
MAPLE RIDGE,T006,30,ISANTI,1 OF 1
NORTH BRANCH,T007,30,ISANTI,1 OF 1
OXFORD,T008,30,ISANTI,1 OF 1
SPENCER BROOK,T009,30,ISANTI,1 OF 1
SPRINGVALE,T010,30,ISANTI,1 OF 1
STANCHFIELD,T011,30,ISANTI,1 OF 1
STANFORD,T012,30,ISANTI,1 OF 1
WYANETT,T013,30,ISANTI,1 OF 1
ALVWOOD,T001,31,ITASCA,2 OF 3
ARBO,T002,31,ITASCA,1 OF 3
ARDENHURST,T003,31,ITASCA,2 OF 3
BALSAM,T004,31,ITASCA,3 OF 3
BASS BROOK,T005,31,ITASCA,1 OF 3
BEARVILLE,T006,31,ITASCA,3 OF 3
BIG FORK,T007,31,ITASCA,3 OF 3
BLACKBERRY,T008,31,ITASCA,1 OF 3
BOWSTRING,T009,31,ITASCA,2 OF 3
CARPENTER,T010,31,ITASCA,3 OF 3
DEER RIVER,T011,31,ITASCA,1 OF 3, 2 OF 3
FEELEY,T012,31,ITASCA,1 OF 3
GOOD HOPE,T013,31,ITASCA,2 OF 3
GOODLAND,T014,31,ITASCA,1 OF 3
GRAND RAPIDS,T015,31,ITASCA,1 OF 3
GRATTAN,T016,31,ITASCA,2 OF 3
GREENWAY,T017,31,ITASCA,1 OF 3
HARRIS,T018,31,ITASCA,1 OF 3
IRON RANGE,T019,31,ITASCA,1 OF 3
KINGHURST,T020,31,ITASCA,2 OF 3
LAKE JESSIE,T021,31,ITASCA,2 OF 3
LAWRENCE,T022,31,ITASCA,1 OF 3
LIBERTY,T041,31,ITASCA,2 OF 3
LONE PINE,T023,31,ITASCA,1 OF 3
MARCELL,T024,31,ITASCA,3 OF 3
MAX,T025,31,ITASCA,2 OF 3
MOOSE PARK,T026,31,ITASCA,2 OF 3
MORSE,T027,31,ITASCA,1 OF 3, 2 OF 3
NASHWAUK,T028,31,ITASCA,1 OF 3
NORE,T029,31,ITASCA,2 OF 3
OTENEAGEN,T030,31,ITASCA,2 OF 3
POMROY,T031,31,ITASCA,2 OF 3
SAGO,T032,31,ITASCA,1 OF 3
SAND LAKE,T033,31,ITASCA,2 OF 3
SPANG,T034,31,ITASCA,1 OF 3
SPLIT HAND,T042,31,ITASCA,1 OF 3
STOKES,T035,31,ITASCA,3 OF 3
THIRD RIVER,T036,31,ITASCA,2 OF 3
TROUT LAKE,T037,31,ITASCA,1 OF 3
WABANA,T038,31,ITASCA,1 OF 3
WAWINA,T039,31,ITASCA,1 OF 3
WIRT,T040,31,ITASCA,2 OF 3
ALBA,T001,32,JACKSON,1 OF 1
BELMONT,T002,32,JACKSON,1 OF 1
CHRISTIANIA,T003,32,JACKSON,1 OF 1
DELAFIELD,T004,32,JACKSON,1 OF 1
DES MOINES,T005,32,JACKSON,1 OF 1
ENTERPRISE,T006,32,JACKSON,1 OF 1
EWINGTON,T007,32,JACKSON,1 OF 1
HERON LAKE,T008,32,JACKSON,1 OF 1
HUNTER,T009,32,JACKSON,1 OF 1
KIMBALL,T010,32,JACKSON,1 OF 1
LA CROSSE,T011,32,JACKSON,1 OF 1
MIDDLETOWN,T012,32,JACKSON,1 OF 1
MINNEOTA,T013,32,JACKSON,1 OF 1
PETERSBURG,T014,32,JACKSON,1 OF 1
ROST,T015,32,JACKSON,1 OF 1
ROUND LAKE,T016,32,JACKSON,1 OF 1
SIOUX VALLEY,T017,32,JACKSON,1 OF 1
WEIMER,T018,32,JACKSON,1 OF 1
WEST HERON LAKE,T019,32,JACKSON,1 OF 1
WISCONSIN,T020,32,JACKSON,1 OF 1
ANN LAKE,T001,33,KANABEC,1 OF 1
ARTHUR,T002,33,KANABEC,1 OF 1
BRUNSWICK,T003,33,KANABEC,1 OF 1
COMFORT,T004,33,KANABEC,1 OF 1
FORD,T005,33,KANABEC,1 OF 1
GRASS LAKE,T006,33,KANABEC,1 OF 1
HAY BROOK,T007,33,KANABEC,1 OF 1
HILLMAN,T008,33,KANABEC,1 OF 1
KANABEC,T009,33,KANABEC,1 OF 1
KNIFE LAKE,T010,33,KANABEC,1 OF 1
KROSCHEL,T011,33,KANABEC,1 OF 1
PEACE,T012,33,KANABEC,1 OF 1
POMROY,T013,33,KANABEC,1 OF 1
SOUTH FORK,T014,33,KANABEC,1 OF 1
WHITED,T015,33,KANABEC,1 OF 1
ARCTANDER,T001,34,KANDIYOHI,1 OF 1
BURBANK,T002,34,KANDIYOHI,1 OF 1
COLFAX,T003,34,KANDIYOHI,1 OF 1
DOVRE,T004,34,KANDIYOHI,1 OF 1
EAST LAKE LILLIAN,T005,34,KANDIYOHI,1 OF 1
EDWARDS,T006,34,KANDIYOHI,1 OF 1
FAHLUN,T007,34,KANDIYOHI,1 OF 1
GENNESSEE,T008,34,KANDIYOHI,1 OF 1
GREEN LAKE,T009,34,KANDIYOHI,1 OF 1
HARRISON,T010,34,KANDIYOHI,1 OF 1
HOLLAND,T011,34,KANDIYOHI,1 OF 1
IRVING,T012,34,KANDIYOHI,1 OF 1
KANDIYOHI,T013,34,KANDIYOHI,1 OF 1
LAKE ANDREW,T014,34,KANDIYOHI,1 OF 1
LAKE ELIZABETH,T015,34,KANDIYOHI,1 OF 1
LAKE LILLIAN,T016,34,KANDIYOHI,1 OF 1
MAMRE,T017,34,KANDIYOHI,1 OF 1
NEW LONDON,T018,34,KANDIYOHI,1 OF 1
NORWAY LAKE,T019,34,KANDIYOHI,1 OF 1
ROSELAND,T020,34,KANDIYOHI,1 OF 1
ROSEVILLE,T021,34,KANDIYOHI,1 OF 1
ST JOHNS,T022,34,KANDIYOHI,1 OF 1
WHITEFIELD,T023,34,KANDIYOHI,1 OF 1
WILLMAR,T024,34,KANDIYOHI,1 OF 1
ARVESON,T001,35,KITTSON,1 OF 1
CANNON,T002,35,KITTSON,1 OF 1
CARIBOU,T003,35,KITTSON,1 OF 1
CLOW,T004,35,KITTSON,1 OF 1
DAVIS,T005,35,KITTSON,1 OF 1
DEERWOOD,T006,35,KITTSON,1 OF 1
GRANVILLE,T007,35,KITTSON,1 OF 1
HALLOCK,T008,35,KITTSON,1 OF 1
HAMPDEN,T009,35,KITTSON,1 OF 1
HAZELTON,T010,35,KITTSON,1 OF 1
HILL,T011,35,KITTSON,1 OF 1
JUPITER,T012,35,KITTSON,1 OF 1
MCKINLEY,T013,35,KITTSON,1 OF 1
NORTH RED RIVER,T014,35,KITTSON,1 OF 1
NORWAY,T015,35,KITTSON,1 OF 1
PELAN,T016,35,KITTSON,1 OF 1
PERCY,T017,35,KITTSON,1 OF 1
POPPLETON,T018,35,KITTSON,1 OF 1
RICHARDVILLE,T019,35,KITTSON,1 OF 1
SKANE,T022,35,KITTSON,1 OF 1
SOUTH RED RIVER,T030,35,KITTSON,1 OF 1
SPRING BROOK,T023,35,KITTSON,1 OF 1
ST JOSEPH,T020,35,KITTSON,1 OF 1
ST VINCENT,T021,35,KITTSON,1 OF 1
SVEA,T024,35,KITTSON,1 OF 1
TEGNER,T025,35,KITTSON,1 OF 1
TEIEN,T026,35,KITTSON,1 OF 1
THOMPSON,T027,35,KITTSON,1 OF 1
AGASSIZ,T001,37,LAC QUI PARLE,1 OF 1
ARENA,T002,37,LAC QUI PARLE,1 OF 1
AUGUSTA,T003,37,LAC QUI PARLE,1 OF 1
BAXTER,T004,37,LAC QUI PARLE,1 OF 1
CAMP RELEASE,T005,37,LAC QUI PARLE,1 OF 1
CERRO GORDO,T006,37,LAC QUI PARLE,1 OF 1
FREELAND,T007,37,LAC QUI PARLE,1 OF 1
GARFIELD,T008,37,LAC QUI PARLE,1 OF 1
HAMLIN,T009,37,LAC QUI PARLE,1 OF 1
HANTHO,T010,37,LAC QUI PARLE,1 OF 1
LAC QUI PARLE,T011,37,LAC QUI PARLE,1 OF 1
LAKE SHORE,T012,37,LAC QUI PARLE,1 OF 1
MADISON,T013,37,LAC QUI PARLE,1 OF 1
MANFRED,T014,37,LAC QUI PARLE,1 OF 1
MAXWELL,T015,37,LAC QUI PARLE,1 OF 1
MEHURIN,T016,37,LAC QUI PARLE,1 OF 1
PERRY,T017,37,LAC QUI PARLE,1 OF 1
PROVIDENCE,T018,37,LAC QUI PARLE,1 OF 1
RIVERSIDE,T019,37,LAC QUI PARLE,1 OF 1
TEN MILE LAKE,T020,37,LAC QUI PARLE,1 OF 1
WALTER,T021,37,LAC QUI PARLE,1 OF 1
YELLOW BANK,T022,37,LAC QUI PARLE,1 OF 1
BEAVER BAY,T001,38,LAKE,1 OF 3, 2 OF 3
CRYSTAL BAY,T002,38,LAKE,2 OF 3, 3 OF 3
FALL LAKE,T003,38,LAKE,3 OF 3
SILVER CREEK,T004,38,LAKE,1 OF 3, 2 OF 3
STONY RIVER,T032,38,LAKE,2 OF 3, 3 OF 3
MYHRE (T-161 R-34),T027,39,LAKE OF THE WOODS,2 OF 3
CLEVELAND,T001,40,LE SUEUR,1 OF 1
CORDOVA,T002,40,LE SUEUR,1 OF 1
DERRYNANE,T003,40,LE SUEUR,1 OF 1
ELYSIAN,T004,40,LE SUEUR,1 OF 1
KASOTA,T005,40,LE SUEUR,1 OF 1
KILKENNY,T006,40,LE SUEUR,1 OF 1
LANESBURGH,T007,40,LE SUEUR,1 OF 1
LEXINGTON,T008,40,LE SUEUR,1 OF 1
MONTGOMERY,T009,40,LE SUEUR,1 OF 1
OTTAWA,T010,40,LE SUEUR,1 OF 1
SHARON,T011,40,LE SUEUR,1 OF 1
TYRONE,T012,40,LE SUEUR,1 OF 1
WASHINGTON,T013,40,LE SUEUR,1 OF 1
WATERVILLE,T014,40,LE SUEUR,1 OF 1
ALTA VISTA,T001,41,LINCOLN,1 OF 1
ASH LAKE,T002,41,LINCOLN,1 OF 1
DIAMOND LAKE,T003,41,LINCOLN,1 OF 1
DRAMMEN,T004,41,LINCOLN,1 OF 1
HANSONVILLE,T005,41,LINCOLN,1 OF 1
HENDRICKS,T006,41,LINCOLN,1 OF 1
HOPE,T007,41,LINCOLN,1 OF 1
LAKE BENTON,T008,41,LINCOLN,1 OF 1
LAKE STAY,T009,41,LINCOLN,1 OF 1
LIMESTONE,T010,41,LINCOLN,1 OF 1
MARBLE,T011,41,LINCOLN,1 OF 1
MARSHFIELD,T012,41,LINCOLN,1 OF 1
ROYAL,T013,41,LINCOLN,1 OF 1
SHAOKATAN,T014,41,LINCOLN,1 OF 1
VERDI,T015,41,LINCOLN,1 OF 1
AMIRET,T001,42,LYON,1 OF 1
CLIFTON,T002,42,LYON,1 OF 1
COON CREEK,T003,42,LYON,1 OF 1
CUSTER,T004,42,LYON,1 OF 1
EIDSVOLD,T005,42,LYON,1 OF 1
FAIRVIEW,T006,42,LYON,1 OF 1
GRANDVIEW,T007,42,LYON,1 OF 1
ISLAND LAKE,T008,42,LYON,1 OF 1
LAKE MARSHAL,T009,42,LYON,1 OF 1
LUCAS,T010,42,LYON,1 OF 1
LYND,T011,42,LYON,1 OF 1
LYONS,T012,42,LYON,1 OF 1
MONROE,T013,42,LYON,1 OF 1
NORDLAND,T014,42,LYON,1 OF 1
ROCK LAKE,T015,42,LYON,1 OF 1
SHELBURNE,T016,42,LYON,1 OF 1
SODUS,T017,42,LYON,1 OF 1
STANLEY,T018,42,LYON,1 OF 1
VALLERS,T019,42,LYON,1 OF 1
WESTERHEIM,T020,42,LYON,1 OF 1
BEAULIEU,T001,44,MAHNOMEN,1 OF 1
BEJOU,T002,44,MAHNOMEN,1 OF 1
CHIEF,T003,44,MAHNOMEN,1 OF 1
CLOVER,T004,44,MAHNOMEN,1 OF 1
GREGORY,T005,44,MAHNOMEN,1 OF 1
HEIER,T006,44,MAHNOMEN,1 OF 1
ISLAND LAKE,T007,44,MAHNOMEN,1 OF 1
LA GARDE,T008,44,MAHNOMEN,1 OF 1
LAKE GROVE,T009,44,MAHNOMEN,1 OF 1
MARSH CREEK,T010,44,MAHNOMEN,1 OF 1
OAKLAND,T011,44,MAHNOMEN,1 OF 1
PEMBINA,T012,44,MAHNOMEN,1 OF 1
POPPLE GROVE,T013,44,MAHNOMEN,1 OF 1
ROSEDALE,T014,44,MAHNOMEN,1 OF 1
TWIN LAKES,T015,44,MAHNOMEN,1 OF 1
AGDER,T001,45,MARSHALL,2 OF 2
ALMA,T002,45,MARSHALL,1 OF 2
AUGSBURG,T003,45,MARSHALL,1 OF 2
BIG WOODS,T004,45,MARSHALL,1 OF 2
BLOOMER,T005,45,MARSHALL,1 OF 2
BOXVILLE,T006,45,MARSHALL,1 OF 2
CEDAR,T007,45,MARSHALL,2 OF 2
COMO,T008,45,MARSHALL,2 OF 2
COMSTOCK,T009,45,MARSHALL,1 OF 2
DONNELLY,T010,45,MARSHALL,1 OF 2
EAGLE POINT,T011,45,MARSHALL,1 OF 2
EAST PARK,T012,45,MARSHALL,2 OF 2
EAST VALLEY,T013,45,MARSHALL,2 OF 2
ECKVOLL,T014,45,MARSHALL,2 OF 2
ESPELIE,T015,45,MARSHALL,2 OF 2
EXCEL,T016,45,MARSHALL,2 OF 2
FOLDAHL,T017,45,MARSHALL,1 OF 2
FORK,T018,45,MARSHALL,1 OF 2
GRAND PLAIN,T019,45,MARSHALL,2 OF 2
HOLT,T020,45,MARSHALL,2 OF 2
HUNTLY,T021,45,MARSHALL,2 OF 2
LINCOLN,T022,45,MARSHALL,1 OF 2
LINSELL,T023,45,MARSHALL,2 OF 2
MARSH GROVE,T025,45,MARSHALL,1 OF 2
MC CREA,T024,45,MARSHALL,1 OF 2
MIDDLE RIVER,T026,45,MARSHALL,1 OF 2
MOOSE RIVER,T027,45,MARSHALL,2 OF 2
MOYLAN,T028,45,MARSHALL,2 OF 2
NELSON PARK,T029,45,MARSHALL,1 OF 2
NEW FOLDEN,T030,45,MARSHALL,2 OF 2
NEW MAINE,T031,45,MARSHALL,2 OF 2
NEW SOLUM,T032,45,MARSHALL,2 OF 2
OAK PARK,T033,45,MARSHALL,1 OF 2
PARKER,T034,45,MARSHALL,1 OF 2
ROLLIS,T035,45,MARSHALL,2 OF 2
SINNOTT,T036,45,MARSHALL,1 OF 2
SPRUCE VALLEY,T037,45,MARSHALL,2 OF 2
TAMARAC,T038,45,MARSHALL,1 OF 2
THIEF LAKE,T039,45,MARSHALL,2 OF 2
VALLEY,T040,45,MARSHALL,2 OF 2
VEGA,T041,45,MARSHALL,1 OF 2
VELDT,T042,45,MARSHALL,2 OF 2
VIKING,T043,45,MARSHALL,1 OF 2
WANGER,T044,45,MARSHALL,1 OF 2
WARRINGTON,T045,45,MARSHALL,1 OF 2
WEST VALLEY,T046,45,MARSHALL,1 OF 2
WHITEFORD,T047,45,MARSHALL,2 OF 2
WRIGHT,T048,45,MARSHALL,1 OF 2
CEDAR,T001,46,MARTIN,1 OF 1
CENTER CREEK,T002,46,MARTIN,1 OF 1
EAST CHAIN,T003,46,MARTIN,1 OF 1
ELM CREEK,T004,46,MARTIN,1 OF 1
FAIRMONT,T005,46,MARTIN,1 OF 1
FOX LAKE,T006,46,MARTIN,1 OF 1
FRASER,T007,46,MARTIN,1 OF 1
GALENA,T008,46,MARTIN,1 OF 1
JAY,T009,46,MARTIN,1 OF 1
LAKE BELT,T010,46,MARTIN,1 OF 1
LAKE FREMONT,T011,46,MARTIN,1 OF 1
MANYASKA,T012,46,MARTIN,1 OF 1
NASHVILLE,T013,46,MARTIN,1 OF 1
PLEASANT PRAIRIE,T014,46,MARTIN,1 OF 1
ROLLING GREEN,T015,46,MARTIN,1 OF 1
RUTLAND,T016,46,MARTIN,1 OF 1
SILVER LAKE,T017,46,MARTIN,1 OF 1
TENHASSEN,T018,46,MARTIN,1 OF 1
WAVERLY,T019,46,MARTIN,1 OF 1
WESTFORD,T020,46,MARTIN,1 OF 1
ACOMA,T001,43,MCLEOD,1 OF 1
BERGEN,T002,43,MCLEOD,1 OF 1
COLLINS,T003,43,MCLEOD,1 OF 1
GLENCOE,T004,43,MCLEOD,1 OF 1
HALE,T005,43,MCLEOD,1 OF 1
HASSAN VALLEY,T006,43,MCLEOD,1 OF 1
HELEN,T007,43,MCLEOD,1 OF 1
HUTCHINSON,T008,43,MCLEOD,1 OF 1
LYNN,T009,43,MCLEOD,1 OF 1
PENN,T010,43,MCLEOD,1 OF 1
RICH VALLEY,T011,43,MCLEOD,1 OF 1
ROUND GROVE,T012,43,MCLEOD,1 OF 1
SUMTER,T013,43,MCLEOD,1 OF 1
WINSTED,T014,43,MCLEOD,1 OF 1
ACTON,T001,47,MEEKER,1 OF 1
CEDAR MILLS,T002,47,MEEKER,1 OF 1
COLLINWOOD,T003,47,MEEKER,1 OF 1
COSMOS,T004,47,MEEKER,1 OF 1
DANIELSON,T005,47,MEEKER,1 OF 1
DARWIN,T006,47,MEEKER,1 OF 1
DASSEL,T007,47,MEEKER,1 OF 1
ELLSWORTH,T008,47,MEEKER,1 OF 1
FOREST CITY,T009,47,MEEKER,1 OF 1
FOREST PRAIRIE,T010,47,MEEKER,1 OF 1
GREENLEAF,T011,47,MEEKER,1 OF 1
HARVEY,T012,47,MEEKER,1 OF 1
KINGSTON,T013,47,MEEKER,1 OF 1
LITCHFIELD,T014,47,MEEKER,1 OF 1
MANANNAH,T015,47,MEEKER,1 OF 1
SWEDE GROVE,T016,47,MEEKER,1 OF 1
UNION GROVE,T017,47,MEEKER,1 OF 1
BOGUS BROOK,T001,48,MILLE LACS,1 OF 1
BORGHOLM,T002,48,MILLE LACS,1 OF 1
BRADBURY,T003,48,MILLE LACS,1 OF 1
DAILEY,T004,48,MILLE LACS,1 OF 1
EAST SIDE,T005,48,MILLE LACS,1 OF 1
GREENBUSH,T006,48,MILLE LACS,1 OF 1
HAYLAND,T007,48,MILLE LACS,1 OF 1
ISLE HARBOR,T008,48,MILLE LACS,1 OF 1
KATHIO,T009,48,MILLE LACS,1 OF 1
LEWIS,T010,48,MILLE LACS,1 OF 1
MILACA,T011,48,MILLE LACS,1 OF 1
MILO,T012,48,MILLE LACS,1 OF 1
MUDGETT,T013,48,MILLE LACS,1 OF 1
ONAMIA,T014,48,MILLE LACS,1 OF 1
PAGE,T015,48,MILLE LACS,1 OF 1
PRINCETON,T016,48,MILLE LACS,1 OF 1
SOUTH HARBOR,T017,48,MILLE LACS,1 OF 1
AGRAM,T001,49,MORRISON,2 OF 2
BELLE PRAIRIE,T002,49,MORRISON,2 OF 2
BELLEVUE,T003,49,MORRISON,2 OF 2
BUCKMAN,T004,49,MORRISON,2 OF 2
BUH,T005,49,MORRISON,2 OF 2
CLOUGH,T006,49,MORRISON,1 OF 2
CULDRUM,T007,49,MORRISON,1 OF 2
CUSHING,T032,49,MORRISON,1 OF 2
DARLING,T008,49,MORRISON,1 OF 2
ELMDALE,T009,49,MORRISON,1 OF 2
GRANITE,T010,49,MORRISON,2 OF 2
GREEN PRAIRIE,T011,49,MORRISON,1 OF 2
HILLMAN,T012,49,MORRISON,2 OF 2
LAKIN,T013,49,MORRISON,2 OF 2
LEIGH,T014,49,MORRISON,2 OF 2
LITTLE FALLS,T015,49,MORRISON,2 OF 2
MORRILL,T016,49,MORRISON,2 OF 2
MOTLEY,T017,49,MORRISON,1 OF 2
MOUNT MORRIS,T018,49,MORRISON,2 OF 2
PARKER,T019,49,MORRISON,1 OF 2
PIERZ,T020,49,MORRISON,2 OF 2
PIKE CREEK,T021,49,MORRISON,1 OF 2
PLATTE,T022,49,MORRISON,2 OF 2
PULASKI,T023,49,MORRISON,2 OF 2
RAIL PRAIRIE,T024,49,MORRISON,1 OF 2
RICHARDSON,T025,49,MORRISON,2 OF 2
RIPLEY,T026,49,MORRISON,2 OF 2
ROSING,T027,49,MORRISON,1 OF 2
SCANDIA VALLEY,T028,49,MORRISON,1 OF 2
SWAN RIVER,T029,49,MORRISON,1 OF 2
SWANVILLE,T030,49,MORRISON,1 OF 2
TWO RIVERS,T031,49,MORRISON,1 OF 2
ADAMS,T001,50,MOWER,1 OF 1
AUSTIN,T002,50,MOWER,1 OF 1
BENNINGTON,T003,50,MOWER,1 OF 1
CLAYTON,T004,50,MOWER,1 OF 1
DEXTER,T005,50,MOWER,1 OF 1
FRANKFORD,T006,50,MOWER,1 OF 1
GRAND MEADOW,T007,50,MOWER,1 OF 1
LANSING,T008,50,MOWER,1 OF 1
LE ROY,T009,50,MOWER,1 OF 1
LODI,T010,50,MOWER,1 OF 1
LYLE,T011,50,MOWER,1 OF 1
MARSHALL,T012,50,MOWER,1 OF 1
NEVADA,T013,50,MOWER,1 OF 1
PLEASANT VALLEY,T014,50,MOWER,1 OF 1
RACINE,T015,50,MOWER,1 OF 1
RED ROCK,T016,50,MOWER,1 OF 1
SARGEANT,T017,50,MOWER,1 OF 1
UDOLPHO,T018,50,MOWER,1 OF 1
WALTHAM,T019,50,MOWER,1 OF 1
WINDOM,T020,50,MOWER,1 OF 1
BELFAST,T001,51,MURRAY,1 OF 1
BONDIN,T002,51,MURRAY,1 OF 1
CAMERON,T003,51,MURRAY,1 OF 1
CHANARAMBIE,T004,51,MURRAY,1 OF 1
DES MOINES RIVER,T005,51,MURRAY,1 OF 1
DORVAY,T006,51,MURRAY,1 OF 1
ELLSBOROUGH,T007,51,MURRAY,1 OF 1
FENTON,T008,51,MURRAY,1 OF 1
HOLLY,T009,51,MURRAY,1 OF 1
IONA,T010,51,MURRAY,1 OF 1
LAKE SARAH,T011,51,MURRAY,1 OF 1
LEEDS,T012,51,MURRAY,1 OF 1
LIME LAKE,T013,51,MURRAY,1 OF 1
LOWVILLE,T014,51,MURRAY,1 OF 1
MASON,T015,51,MURRAY,1 OF 1
MOULTON,T016,51,MURRAY,1 OF 1
MURRAY,T017,51,MURRAY,1 OF 1
SHETEK,T018,51,MURRAY,1 OF 1
SKANDIA,T019,51,MURRAY,1 OF 1
SLAYTON,T020,51,MURRAY,1 OF 1
BELGRADE,T001,52,NICOLLET,1 OF 1
BERNADOTTE,T002,52,NICOLLET,1 OF 1
BRIGHTON,T003,52,NICOLLET,1 OF 1
COURTLAND,T004,52,NICOLLET,1 OF 1
GRANBY,T005,52,NICOLLET,1 OF 1
LAFAYETTE,T006,52,NICOLLET,1 OF 1
LAKE PRAIRIE,T007,52,NICOLLET,1 OF 1
NEW SWEDEN,T008,52,NICOLLET,1 OF 1
NICOLLET,T009,52,NICOLLET,1 OF 1
OSHAWA,T010,52,NICOLLET,1 OF 1
RIDGELY,T011,52,NICOLLET,1 OF 1
TRAVERSE,T012,52,NICOLLET,1 OF 1
WEST NEWTON,T013,52,NICOLLET,1 OF 1
BIGELOW,T001,53,NOBLES,1 OF 1
BLOOM,T002,53,NOBLES,1 OF 1
DEWALD,T003,53,NOBLES,1 OF 1
ELK,T004,53,NOBLES,1 OF 1
GRAHAM LAKES,T005,53,NOBLES,1 OF 1
GRAND PRAIRIE,T006,53,NOBLES,1 OF 1
HERSEY,T007,53,NOBLES,1 OF 1
INDIAN LAKE,T008,53,NOBLES,1 OF 1
LARKIN,T009,53,NOBLES,1 OF 1
LEOTA,T010,53,NOBLES,1 OF 1
LISMORE,T011,53,NOBLES,1 OF 1
LITTLE ROCK,T012,53,NOBLES,1 OF 1
LORAIN,T013,53,NOBLES,1 OF 1
OLNEY,T014,53,NOBLES,1 OF 1
RANSOM,T015,53,NOBLES,1 OF 1
SEWARD,T016,53,NOBLES,1 OF 1
SUMMIT LAKE,T017,53,NOBLES,1 OF 1
WESTSIDE,T018,53,NOBLES,1 OF 1
WILMONT,T019,53,NOBLES,1 OF 1
WORTHINGTON,T020,53,NOBLES,1 OF 1
ANTHONY,T001,54,NORMAN,1 OF 1
BEAR PARK,T002,54,NORMAN,1 OF 1
FLOM,T003,54,NORMAN,1 OF 1
FOSSUM,T004,54,NORMAN,1 OF 1
GOOD HOPE,T005,54,NORMAN,1 OF 1
GREEN MEADOW,T006,54,NORMAN,1 OF 1
HALSTAD,T007,54,NORMAN,1 OF 1
HEGNE,T008,54,NORMAN,1 OF 1
HENDRUM,T009,54,NORMAN,1 OF 1
HOME LAKE,T010,54,NORMAN,1 OF 1
LAKE IDA,T011,54,NORMAN,1 OF 1
LEE,T012,54,NORMAN,1 OF 1
LOCKHART,T013,54,NORMAN,1 OF 1
MARY,T015,54,NORMAN,1 OF 1
MCDONALDSVILLE,T014,54,NORMAN,1 OF 1
PLEASANT VIEW,T016,54,NORMAN,1 OF 1
ROCKWELL,T017,54,NORMAN,1 OF 1
SHELLY,T018,54,NORMAN,1 OF 1
SPRING CREEK,T019,54,NORMAN,1 OF 1
STRAND,T020,54,NORMAN,1 OF 1
SUNDAL,T021,54,NORMAN,1 OF 1
WAUKON,T022,54,NORMAN,1 OF 1
WILD RICE,T023,54,NORMAN,1 OF 1
WINCHESTER,T024,54,NORMAN,1 OF 1
CASCADE,T001,55,OLMSTED,1 OF 1
DOVER,T002,55,OLMSTED,1 OF 1
ELMIRA,T003,55,OLMSTED,1 OF 1
EYOTA,T004,55,OLMSTED,1 OF 1
FARMINGTON,T005,55,OLMSTED,1 OF 1
HAVERHILL,T006,55,OLMSTED,1 OF 1
HIGH FOREST,T007,55,OLMSTED,1 OF 1
KALMAR,T008,55,OLMSTED,1 OF 1
MARION,T009,55,OLMSTED,1 OF 1
NEW HAVEN,T010,55,OLMSTED,1 OF 1
ORION,T011,55,OLMSTED,1 OF 1
ORONOCO,T012,55,OLMSTED,1 OF 1
PLEASANT GROVE,T013,55,OLMSTED,1 OF 1
QUINCY,T014,55,OLMSTED,1 OF 1
ROCHESTER,T015,55,OLMSTED,1 OF 1
ROCK DELL,T016,55,OLMSTED,1 OF 1
SALEM,T017,55,OLMSTED,1 OF 1
VIOLA,T018,55,OLMSTED,1 OF 1
AASTAD,T001,56,OTTER TAIL,1 OF 2
AMOR,T002,56,OTTER TAIL,1 OF 2
AUDAL,T003,56,OTTER TAIL,1 OF 2
BLOWERS,T004,56,OTTER TAIL,2 OF 2
BLUFFTON,T005,56,OTTER TAIL,2 OF 2
BUSE,T006,56,OTTER TAIL,1 OF 2
BUTLER,T007,56,OTTER TAIL,2 OF 2
CANDOR,T008,56,OTTER TAIL,1 OF 2
CARLISLE,T009,56,OTTER TAIL,1 OF 2
CLITHERHALL,T010,56,OTTER TAIL,1 OF 2
COMPTON,T011,56,OTTER TAIL,2 OF 2
CORLISS,T012,56,OTTER TAIL,2 OF 2
DANE PRAIRIE,T013,56,OTTER TAIL,1 OF 2
DEAD LAKE,T014,56,OTTER TAIL,1 OF 2
DEER CREEK,T015,56,OTTER TAIL,2 OF 2
DORA,T016,56,OTTER TAIL,1 OF 2
DUNN,T017,56,OTTER TAIL,1 OF 2
EAGLE LAKE,T018,56,OTTER TAIL,1 OF 2
EASTERN,T019,56,OTTER TAIL,2 OF 2
EDNA,T020,56,OTTER TAIL,1 OF 2
EFFINGTON,T021,56,OTTER TAIL,2 OF 2
ELIZABETH,T022,56,OTTER TAIL,1 OF 2
ELMO,T023,56,OTTER TAIL,2 OF 2
ERHARDS GROVE,T024,56,OTTER TAIL,1 OF 2
EVERTS,T025,56,OTTER TAIL,1 OF 2
FERGUS FALLS,T026,56,OTTER TAIL,1 OF 2
FOLDEN,T027,56,OTTER TAIL,2 OF 2
FRIBERG,T028,56,OTTER TAIL,1 OF 2
GIRARD,T029,56,OTTER TAIL,2 OF 2
GORMAN,T030,56,OTTER TAIL,2 OF 2
HENNING,T031,56,OTTER TAIL,2 OF 2
HOBART,T032,56,OTTER TAIL,1 OF 2
HOMESTEAD,T033,56,OTTER TAIL,2 OF 2
INMAN,T034,56,OTTER TAIL,2 OF 2
LEAF LAKE,T035,56,OTTER TAIL,2 OF 2
LEAF MOUNTAIN,T036,56,OTTER TAIL,2 OF 2
LIDA,T037,56,OTTER TAIL,1 OF 2
MAINE,T038,56,OTTER TAIL,1 OF 2
MAPLEWOOD,T039,56,OTTER TAIL,1 OF 2
NEWTON,T040,56,OTTER TAIL,2 OF 2
NIDAROS,T041,56,OTTER TAIL,2 OF 2
NORWEGIAN GROVE,T042,56,OTTER TAIL,1 OF 2
OAK VALLEY,T043,56,OTTER TAIL,2 OF 2
ORWELL,T044,56,OTTER TAIL,1 OF 2
OSCAR,T045,56,OTTER TAIL,1 OF 2
OTTER TAIL,T046,56,OTTER TAIL,2 OF 2
OTTO,T047,56,OTTER TAIL,2 OF 2
PADDOCK,T048,56,OTTER TAIL,2 OF 2
PARKERS PRAIRIE,T049,56,OTTER TAIL,2 OF 2
PELICAN,T050,56,OTTER TAIL,1 OF 2
PERHAM,T051,56,OTTER TAIL,2 OF 2
PINE LAKE,T052,56,OTTER TAIL,2 OF 2
RUSH LAKE,T053,56,OTTER TAIL,2 OF 2
SCAMBLER,T055,56,OTTER TAIL,1 OF 2
ST OLAF,T054,56,OTTER TAIL,1 OF 2
STAR LAKE,T056,56,OTTER TAIL,1 OF 2
SVERDRUP,T057,56,OTTER TAIL,1 OF 2
TORDENSKJOLD,T058,56,OTTER TAIL,1 OF 2
TRONDHJEM,T059,56,OTTER TAIL,1 OF 2
TUMULI,T060,56,OTTER TAIL,1 OF 2
WESTERN,T061,56,OTTER TAIL,1 OF 2
WOODSIDE,T062,56,OTTER TAIL,2 OF 2
BLACK RIVER,T001,57,PENNINGTON,1 OF 1
BRAY,T002,57,PENNINGTON,1 OF 1
CLOVER LEAF,T003,57,PENNINGTON,1 OF 1
DEER PARK,T004,57,PENNINGTON,1 OF 1
GOODRIDGE,T005,57,PENNINGTON,1 OF 1
HICKORY,T006,57,PENNINGTON,1 OF 1
HIGH LANDING,T007,57,PENNINGTON,1 OF 1
KRATKA,T008,57,PENNINGTON,1 OF 1
MAYFIELD,T009,57,PENNINGTON,1 OF 1
NORDEN,T010,57,PENNINGTON,1 OF 1
NORTH,T011,57,PENNINGTON,1 OF 1
NUMEDAL,T012,57,PENNINGTON,1 OF 1
POLK CENTRE,T013,57,PENNINGTON,1 OF 1
REINER,T014,57,PENNINGTON,1 OF 1
RIVER FALLS,T015,57,PENNINGTON,1 OF 1
ROCKSBURY,T016,57,PENNINGTON,1 OF 1
SANDERS,T017,57,PENNINGTON,1 OF 1
SILVERTON,T018,57,PENNINGTON,1 OF 1
SMILEY,T019,57,PENNINGTON,1 OF 1
STAR,T020,57,PENNINGTON,1 OF 1
WYANDOTTE,T021,57,PENNINGTON,1 OF 1
ARLONE,T001,58,PINE,1 OF 2
ARNA,T002,58,PINE,2 OF 2
BARRY,T003,58,PINE,1 OF 2
BIRCH CREEK,T004,58,PINE,2 OF 2
BREMEN,T005,58,PINE,2 OF 2
BROOK PARK,T006,58,PINE,1 OF 2
BRUNO,T007,58,PINE,2 OF 2
CHENGWATANA,T008,58,PINE,1 OF 2
CLOVER,T009,58,PINE,1 OF 2
CROSBY,T010,58,PINE,1 OF 2
DANFORTH,T011,58,PINE,2 OF 2
DELL GROVE,T012,58,PINE,2 OF 2
FINLAYSON,T013,58,PINE,2 OF 2
FLEMING,T014,58,PINE,2 OF 2
HINCKLEY,T015,58,PINE,1 OF 2
KERRICK,T016,58,PINE,2 OF 2
KETTLE RIVER,T017,58,PINE,2 OF 2
MISSION CREEK,T018,58,PINE,1 OF 2
MUNCH,T019,58,PINE,1 OF 2
NEW DOSEY,T020,58,PINE,2 OF 2
NICKERSON,T021,58,PINE,2 OF 2
NORMAN,T022,58,PINE,2 OF 2
OGEMA,T023,58,PINE,1 OF 2
PARK,T024,58,PINE,2 OF 2
PARTRIDGE,T025,58,PINE,2 OF 2
PINE CITY,T026,58,PINE,1 OF 2
PINE LAKE,T027,58,PINE,2 OF 2
POKEGAMA,T028,58,PINE,1 OF 2
ROYALTON,T029,58,PINE,1 OF 2
SANDSTONE,T030,58,PINE,2 OF 2
STURGEON LAKE,T031,58,PINE,2 OF 2
WILMA,T032,58,PINE,2 OF 2
WINDEMERE,T033,58,PINE,2 OF 2
AETNA,T001,59,PIPESTONE,1 OF 1
ALTONA,T002,59,PIPESTONE,1 OF 1
BURKE,T003,59,PIPESTONE,1 OF 1
EDEN,T004,59,PIPESTONE,1 OF 1
ELMER,T005,59,PIPESTONE,1 OF 1
FOUNTAIN PRAIRIE,T006,59,PIPESTONE,1 OF 1
GRANGE,T007,59,PIPESTONE,1 OF 1
GRAY,T008,59,PIPESTONE,1 OF 1
OSBORNE,T009,59,PIPESTONE,1 OF 1
ROCK,T010,59,PIPESTONE,1 OF 1
SWEET,T011,59,PIPESTONE,1 OF 1
TROY,T012,59,PIPESTONE,1 OF 1
ANDOVER,T001,60,POLK,1 OF 3
ANGUS,T002,60,POLK,3 OF 3
BADGER,T003,60,POLK,2 OF 3
BELGIUM,T004,60,POLK,3 OF 3
BRANDSVOLD,T005,60,POLK,2 OF 3
BRANDT,T006,60,POLK,3 OF 3
BRISLET,T007,60,POLK,3 OF 3
BYGLAND,T008,60,POLK,1 OF 3
CHESTER,T009,60,POLK,2 OF 3
COLUMBIA,T010,60,POLK,2 OF 3
CROOKSTON,T011,60,POLK,1 OF 3
EDEN,T012,60,POLK,2 OF 3
ESTHER,T013,60,POLK,3 OF 3
EUCLID,T014,60,POLK,3 OF 3
FAIRFAX,T015,60,POLK,1 OF 3
FANNY,T016,60,POLK,3 OF 3
FARLEY,T017,60,POLK,3 OF 3
FISHER,T018,60,POLK,1 OF 3
GARDEN,T019,60,POLK,2 OF 3
GARFIELD,T020,60,POLK,1 OF 3
GENTILLY,T021,60,POLK,1 OF 3
GODFREY,T022,60,POLK,1 OF 3
GRAND FORKS,T023,60,POLK,3 OF 3
GROVE PARK,T024,60,POLK,2 OF 3
GULLY,T025,60,POLK,2 OF 3
HAMMOND,T026,60,POLK,1 OF 3
HELGELAND,T027,60,POLK,3 OF 3
HIGDEM,T028,60,POLK,3 OF 3
HILL RIVER,T029,60,POLK,2 OF 3
HUBBARD,T030,60,POLK,1 OF 3
HUNTSVILLE,T031,60,POLK,3 OF 3
JOHNSON,T032,60,POLK,2 OF 3
KERTSONVILLE,T033,60,POLK,1 OF 3
KEYSTONE,T034,60,POLK,3 OF 3
KING,T035,60,POLK,2 OF 3
KNUTE,T036,60,POLK,2 OF 3
LESSOR,T037,60,POLK,2 OF 3
LIBERTY,T038,60,POLK,1 OF 3
LOWELL,T039,60,POLK,1 OF 3
NESBIT,T040,60,POLK,3 OF 3
NORTHLAND,T041,60,POLK,3 OF 3
ONSTAD,T042,60,POLK,1 OF 3
PARNELL,T043,60,POLK,3 OF 3
QUEEN,T044,60,POLK,2 OF 3
REIS,T045,60,POLK,1 OF 3
RHINEHART,T046,60,POLK,3 OF 3
ROOME,T047,60,POLK,1 OF 3
ROSEBUD,T048,60,POLK,2 OF 3
RUSSIA,T049,60,POLK,1 OF 3
SANDSVILLE,T050,60,POLK,3 OF 3
SCANDIA,T051,60,POLK,1 OF 3
SLETTEN,T052,60,POLK,2 OF 3
SULLIVAN,T053,60,POLK,3 OF 3
TABOR,T054,60,POLK,3 OF 3
TILDEN,T055,60,POLK,1 OF 3
TYNSID,T056,60,POLK,1 OF 3
VINELAND,T057,60,POLK,1 OF 3
WINGER,T058,60,POLK,2 OF 3
WOODSIDE,T059,60,POLK,2 OF 3
BANGOR,T001,61,POPE,1 OF 1
BARSNESS,T002,61,POPE,1 OF 1
BEN WADE,T003,61,POPE,1 OF 1
BLUE MOUNDS,T004,61,POPE,1 OF 1
CHIPPEWA FALLS,T005,61,POPE,1 OF 1
GILCHRIST,T006,61,POPE,1 OF 1
GLENWOOD,T007,61,POPE,1 OF 1
GROVE LAKE,T008,61,POPE,1 OF 1
HOFF,T009,61,POPE,1 OF 1
LAKE JOHANNA,T010,61,POPE,1 OF 1
LANGHEI,T011,61,POPE,1 OF 1
LEVEN,T012,61,POPE,1 OF 1
MINNEWASKA,T013,61,POPE,1 OF 1
NEW PRAIRIE,T014,61,POPE,1 OF 1
NORA,T015,61,POPE,1 OF 1
RENO,T016,61,POPE,1 OF 1
ROLLING FORKS,T017,61,POPE,1 OF 1
WALDEN,T018,61,POPE,1 OF 1
WESTPORT,T019,61,POPE,1 OF 1
WHITE BEAR LAKE,T020,61,POPE,1 OF 1
WHITE BEAR,T001,62,RAMSEY,1 OF 1
BROWNS CREEK,T001,63,RED LAKE,1 OF 1
EMARDVILLE,T002,63,RED LAKE,1 OF 1
EQUALITY,T003,63,RED LAKE,1 OF 1
GARNES,T004,63,RED LAKE,1 OF 1
GERVAIS,T005,63,RED LAKE,1 OF 1
LAKE PLEASANT,T006,63,RED LAKE,1 OF 1
LAMBERT,T007,63,RED LAKE,1 OF 1
LOUISVILLE,T008,63,RED LAKE,1 OF 1
POPLAR RIVER,T009,63,RED LAKE,1 OF 1
RED LAKE FALLS,T010,63,RED LAKE,1 OF 1
RIVER,T011,63,RED LAKE,1 OF 1
TERREBONNE,T012,63,RED LAKE,1 OF 1
WYLIE,T013,63,RED LAKE,1 OF 1
BROOKVILLE,T001,64,REDWOOD,1 OF 1
CHARLESTOWN,T002,64,REDWOOD,1 OF 1
DELHI,T003,64,REDWOOD,1 OF 1
GALES,T004,64,REDWOOD,1 OF 1
GRANITE ROCK,T005,64,REDWOOD,1 OF 1
HONNER,T006,64,REDWOOD,1 OF 1
JOHNSONVILLE,T007,64,REDWOOD,1 OF 1
KINTIRE,T008,64,REDWOOD,1 OF 1
LAMBERTON,T009,64,REDWOOD,1 OF 1
MORGAN,T010,64,REDWOOD,1 OF 1
NEW AVON,T011,64,REDWOOD,1 OF 1
NORTH HERO,T012,64,REDWOOD,1 OF 1
PAXTON,T013,64,REDWOOD,1 OF 1
REDWOOD FALLS,T014,64,REDWOOD,1 OF 1
SHERIDAN,T015,64,REDWOOD,1 OF 1
SHERMAN,T016,64,REDWOOD,1 OF 1
SPRINGDALE,T017,64,REDWOOD,1 OF 1
SUNDOWN,T018,64,REDWOOD,1 OF 1
SWEDES FOREST,T019,64,REDWOOD,1 OF 1
THREE LAKES,T020,64,REDWOOD,1 OF 1
UNDERWOOD,T021,64,REDWOOD,1 OF 1
VAIL,T022,64,REDWOOD,1 OF 1
VESTA,T023,64,REDWOOD,1 OF 1
WATERBURY,T024,64,REDWOOD,1 OF 1
WESTLINE,T025,64,REDWOOD,1 OF 1
WILLOW LAKE,T026,64,REDWOOD,1 OF 1
BANDON,T001,65,RENVILLE,1 OF 1
BEAVER FALLS,T002,65,RENVILLE,1 OF 1
BIRCH COOLEY,T003,65,RENVILLE,1 OF 1
BIRD ISLAND,T004,65,RENVILLE,1 OF 1
BOON LAKE,T005,65,RENVILLE,1 OF 1
BROOKFIELD,T006,65,RENVILLE,1 OF 1
CAIRO,T007,65,RENVILLE,1 OF 1
CAMP,T008,65,RENVILLE,1 OF 1
CROOKS,T009,65,RENVILLE,1 OF 1
EMMET,T010,65,RENVILLE,1 OF 1
ERICSON,T011,65,RENVILLE,1 OF 1
FLORA,T012,65,RENVILLE,1 OF 1
HAWK CREEK,T013,65,RENVILLE,1 OF 1
HECTOR,T014,65,RENVILLE,1 OF 1
HENRYVILLE,T015,65,RENVILLE,1 OF 1
KINGMAN,T016,65,RENVILLE,1 OF 1
MARTINSBURG,T017,65,RENVILLE,1 OF 1
MELVILLE,T018,65,RENVILLE,1 OF 1
NORFOLK,T019,65,RENVILLE,1 OF 1
OSCEOLA,T020,65,RENVILLE,1 OF 1
PALMYRA,T021,65,RENVILLE,1 OF 1
PRESTON LAKE,T022,65,RENVILLE,1 OF 1
SACRED HEART,T023,65,RENVILLE,1 OF 1
TROY,T024,65,RENVILLE,1 OF 1
WANG,T025,65,RENVILLE,1 OF 1
WELLINGTON,T026,65,RENVILLE,1 OF 1
WINFIELD,T027,65,RENVILLE,1 OF 1
BRIDGEWATER,T001,66,RICE,1 OF 1
CANNON CITY,T002,66,RICE,1 OF 1
ERIN,T003,66,RICE,1 OF 1
FOREST,T004,66,RICE,1 OF 1
MORRISTOWN,T005,66,RICE,1 OF 1
NORTHFIELD,T006,66,RICE,1 OF 1
RICHLAND,T007,66,RICE,1 OF 1
SHIELDSVILLE,T008,66,RICE,1 OF 1
WALCOTT,T009,66,RICE,1 OF 1
WARSAW,T010,66,RICE,1 OF 1
WEBSTER,T011,66,RICE,1 OF 1
WELLS,T012,66,RICE,1 OF 1
WHEATLAND,T013,66,RICE,1 OF 1
WHEELING,T014,66,RICE,1 OF 1
BATTLE PLAIN,T001,67,ROCK,1 OF 1
BEAVER CREEK,T002,67,ROCK,1 OF 1
CLINTON,T003,67,ROCK,1 OF 1
DENVER,T004,67,ROCK,1 OF 1
KANARANZI,T005,67,ROCK,1 OF 1
LUVERNE,T006,67,ROCK,1 OF 1
MAGNOLIA,T007,67,ROCK,1 OF 1
MARTIN,T008,67,ROCK,1 OF 1
MOUND,T009,67,ROCK,1 OF 1
ROSE DELL,T010,67,ROCK,1 OF 1
SPRINGWATER,T011,67,ROCK,1 OF 1
VIENNA,T012,67,ROCK,1 OF 1
BARNETT,T001,68,ROSEAU,1 OF 2
BARTO,T002,68,ROSEAU,1 OF 2
BEAVER,T003,68,ROSEAU,2 OF 2
CEDARBEND,T005,68,ROSEAU,2 OF 2
DEER,T006,68,ROSEAU,1 OF 2
DEWEY,T007,68,ROSEAU,1 OF 2
DIETER,T008,68,ROSEAU,1 OF 2
ENSTROM,T009,68,ROSEAU,2 OF 2
FALUN,T010,68,ROSEAU,2 OF 2
GOLDEN VALLEY,T011,68,ROSEAU,2 OF 2
GRIMSTAD,T012,68,ROSEAU,1 OF 2
HEREIM,T013,68,ROSEAU,1 OF 2
HUSS,T014,68,ROSEAU,1 OF 2
JADIS,T015,68,ROSEAU,1 OF 2
LAKE,T037,68,ROSEAU,2 OF 2
LAONA,T016,68,ROSEAU,2 OF 2
LIND,T017,68,ROSEAU,1 OF 2
MALUNG,T018,68,ROSEAU,2 OF 2
MICKINOCK,T019,68,ROSEAU,2 OF 2
MOOSE,T020,68,ROSEAU,1 OF 2
MORANVILLE,T021,68,ROSEAU,2 OF 2
NERESON,T022,68,ROSEAU,1 OF 2
PALMVILLE,T023,68,ROSEAU,1 OF 2
POHLOTZ,T024,68,ROSEAU,1 OF 2
POLONIA,T025,68,ROSEAU,1 OF 2
POPLAR GROVE,T026,68,ROSEAU,1 OF 2
REINE,T027,68,ROSEAU,2 OF 2
ROSS,T028,68,ROSEAU,1 OF 2
SKAGEN,T029,68,ROSEAU,1 OF 2
SOLER,T030,68,ROSEAU,1 OF 2
SPRUCE,T031,68,ROSEAU,2 OF 2
STAFFORD,T032,68,ROSEAU,1 OF 2
STOKES,T033,68,ROSEAU,1 OF 2
BELLE PLAINE,T001,70,SCOTT,1 OF 2
BLAKLEY,T002,70,SCOTT,1 OF 2
CEDAR LAKE,T003,70,SCOTT,2 OF 2
CREDIT RIVER,T004,70,SCOTT,2 OF 2
HELENA,T005,70,SCOTT,1 OF 2, 2 OF 2
JACKSON,T006,70,SCOTT,2 OF 2
LOUISVILLE,T007,70,SCOTT,1 OF 2, 2 OF 2
NEW MARKET,T008,70,SCOTT,2 OF 2
SAND CREEK,T010,70,SCOTT,1 OF 2, 2 OF 2
SPRING LAKE,T011,70,SCOTT,2 OF 2
ST LAWRENCE,T009,70,SCOTT,1 OF 2
BALDWIN,T001,71,SHERBURNE,1 OF 1
BECKER,T002,71,SHERBURNE,1 OF 1
BIG LAKE,T003,71,SHERBURNE,1 OF 1
BLUE HILL,T004,71,SHERBURNE,1 OF 1
CLEAR LAKE,T005,71,SHERBURNE,1 OF 1
HAVEN,T007,71,SHERBURNE,1 OF 1
LIVONIA,T008,71,SHERBURNE,1 OF 1
ORROCK,T009,71,SHERBURNE,1 OF 1
PALMER,T010,71,SHERBURNE,1 OF 1
SANTIAGO,T011,71,SHERBURNE,1 OF 1
ALFSBORG,T001,72,SIBLEY,1 OF 1
ARLINGTON,T002,72,SIBLEY,1 OF 1
BISMARCK,T003,72,SIBLEY,1 OF 1
CORNISH,T004,72,SIBLEY,1 OF 1
DRYDEN,T005,72,SIBLEY,1 OF 1
FAXON,T006,72,SIBLEY,1 OF 1
GRAFTON,T007,72,SIBLEY,1 OF 1
GREEN ISLE,T008,72,SIBLEY,1 OF 1
HENDERSON,T009,72,SIBLEY,1 OF 1
JESSENLAND,T010,72,SIBLEY,1 OF 1
KELSO,T011,72,SIBLEY,1 OF 1
MOLTKE,T012,72,SIBLEY,1 OF 1
NEW AUBURN,T013,72,SIBLEY,1 OF 1
SEVERANCE,T014,72,SIBLEY,1 OF 1
SIBLEY,T015,72,SIBLEY,1 OF 1
TRANSIT,T016,72,SIBLEY,1 OF 1
WASHINGTON LAKE,T017,72,SIBLEY,1 OF 1
ALANGO,T001,69,ST. LOUIS,3 OF 7
ALBORN,T002,69,ST. LOUIS,1 OF 7
ALDEN,T003,69,ST. LOUIS,2 OF 7
ANGORA,T004,69,ST. LOUIS,3 OF 7
ARROWHEAD,T005,69,ST. LOUIS,1 OF 7
AULT,T006,69,ST. LOUIS,2 OF 7
BALKAN,T007,69,ST. LOUIS,3 OF 7
BASSETT,T008,69,ST. LOUIS,4 OF 7
BEATTY,T009,69,ST. LOUIS,5 OF 7
BIWABIK,T010,69,ST. LOUIS,4 OF 7
BREITUNG,T011,69,ST. LOUIS,6 OF 7
BREVATOR,T012,69,ST. LOUIS,1 OF 7
CANOSIA,T013,69,ST. LOUIS,2 OF 7
CEDAR VALLEY,T014,69,ST. LOUIS,1 OF 7
CHERRY,T015,69,ST. LOUIS,3 OF 7
CLINTON,T016,69,ST. LOUIS,3 OF 7
COLVIN,T017,69,ST. LOUIS,4 OF 7
COTTON,T018,69,ST. LOUIS,1 OF 7, 2 OF 7
CULVER,T019,69,ST. LOUIS,1 OF 7
DULUTH,T020,69,ST. LOUIS,2 OF 7
ELLSBERG,T021,69,ST. LOUIS,1 OF 7, 2 OF 7
ELMER,T022,69,ST. LOUIS,1 OF 7
EMBARRASS,T023,69,ST. LOUIS,4 OF 7
FAIRBANKS,T024,69,ST. LOUIS,4 OF 7
FAYAL,T025,69,ST. LOUIS,3 OF 7
FIELD,T026,69,ST. LOUIS,5 OF 7
FINE LAKES,T027,69,ST. LOUIS,1 OF 7
FLOODWOOD,T028,69,ST. LOUIS,1 OF 7
FREDENBERG,T029,69,ST. LOUIS,2 OF 7
FRENCH,T030,69,ST. LOUIS,3 OF 7
GNESEN,T031,69,ST. LOUIS,2 OF 7
GRAND LAKE,T032,69,ST. LOUIS,2 OF 7
GREAT SCOTT,T033,69,ST. LOUIS,3 OF 7
GREENWOOD,T035,69,ST. LOUIS,6 OF 7
HALDEN,T034,69,ST. LOUIS,1 OF 7
INDUSTRIAL,T036,69,ST. LOUIS,1 OF 7
KELSEY,T037,69,ST. LOUIS,1 OF 7
KUGLER,T038,69,ST. LOUIS,4 OF 7
LAKEWOOD,T039,69,ST. LOUIS,2 OF 7
LAVELL,T040,69,ST. LOUIS,1 OF 7, 3 OF 7
LEIDING,T041,69,ST. LOUIS,5 OF 7
LINDEN GROVE,T042,69,ST. LOUIS,5 OF 7
MCDAVITT,T043,69,ST. LOUIS,3 OF 7
MEADOWLANDS,T044,69,ST. LOUIS,1 OF 7
MIDWAY,T045,69,ST. LOUIS,2 OF 7
MORCOM,T047,69,ST. LOUIS,3 OF 7
MORSE,T048,69,ST. LOUIS,6 OF 7
NESS,T049,69,ST. LOUIS,1 OF 7
NEW INDEPENDENCE,T050,69,ST. LOUIS,1 OF 7
NORMANNA,T052,69,ST. LOUIS,2 OF 7
NORTH STAR,T071,69,ST. LOUIS,2 OF 7
NORTHLAND,T053,69,ST. LOUIS,1 OF 7
OWENS,T054,69,ST. LOUIS,5 OF 7
PAYNE,T073,69,ST. LOUIS,1 OF 7
PEQUAYWAN,T072,69,ST. LOUIS,2 OF 7
PIKE,T055,69,ST. LOUIS,4 OF 7
PORTAGE,T056,69,ST. LOUIS,5 OF 7
PRAIRIE LAKE,T057,69,ST. LOUIS,1 OF 7
RICE LAKE,T058,69,ST. LOUIS,2 OF 7
SANDY,T059,69,ST. LOUIS,3 OF 7
SOLWAY,T060,69,ST. LOUIS,2 OF 7
STONEY BROOK,T061,69,ST. LOUIS,1 OF 7
STURGEON,T063,69,ST. LOUIS,3 OF 7
TOIVOLA,T064,69,ST. LOUIS,1 OF 7
VAN BUREN,T065,69,ST. LOUIS,1 OF 7
VERMILION LAKE,T066,69,ST. LOUIS,4 OF 7
WAASA,T067,69,ST. LOUIS,4 OF 7
WHITE,T068,69,ST. LOUIS,4 OF 7
WILLOW VALLEY,T069,69,ST. LOUIS,5 OF 7
WUORI,T070,69,ST. LOUIS,3 OF 7
ALBANY,T001,73,STEARNS,2 OF 2
ASHLEY,T002,73,STEARNS,1 OF 2
AVON,T003,73,STEARNS,2 OF 2
BROCKWAY,T004,73,STEARNS,2 OF 2
COLLEGEVILLE,T005,73,STEARNS,2 OF 2
CROW LAKE,T006,73,STEARNS,1 OF 2
CROW RIVER,T007,73,STEARNS,1 OF 2
EDEN LAKE,T008,73,STEARNS,2 OF 2
FAIRHAVEN,T009,73,STEARNS,2 OF 2
FARMING,T010,73,STEARNS,2 OF 2
GETTY,T011,73,STEARNS,1 OF 2
GROVE,T012,73,STEARNS,1 OF 2
HOLDING,T013,73,STEARNS,2 OF 2
KRAIN,T014,73,STEARNS,2 OF 2
LAKE GEORGE,T015,73,STEARNS,1 OF 2
LAKE HENRY,T016,73,STEARNS,1 OF 2
LE SAUK,T017,73,STEARNS,2 OF 2
LUXEMBURG,T018,73,STEARNS,2 OF 2
LYNDEN,T019,73,STEARNS,2 OF 2
MAINE PRAIRIE,T020,73,STEARNS,2 OF 2
MELROSE,T021,73,STEARNS,1 OF 2
MILLWOOD,T022,73,STEARNS,1 OF 2
MUNSON,T023,73,STEARNS,2 OF 2
NORTH FORK,T024,73,STEARNS,1 OF 2
OAK,T025,73,STEARNS,1 OF 2
PAYNESVILLE,T026,73,STEARNS,1 OF 2
RAYMOND,T027,73,STEARNS,1 OF 2
ROCKVILLE,T028,73,STEARNS,2 OF 2
SAUK CENTRE,T034,73,STEARNS,1 OF 2
SPRING HILL,T035,73,STEARNS,1 OF 2
ST AUGUSTA,T029,73,STEARNS,2 OF 2
ST CLOUD,T030,73,STEARNS,2 OF 2
ST JOSEPH,T031,73,STEARNS,2 OF 2
ST MARTIN,T032,73,STEARNS,1 OF 2
ST WENDEL,T033,73,STEARNS,2 OF 2
WAKEFIELD,T036,73,STEARNS,2 OF 2
ZION,T037,73,STEARNS,1 OF 2
AURORA,T001,74,STEELE,1 OF 1
BERLIN,T002,74,STEELE,1 OF 1
BLOOMING PRAIRIE,T003,74,STEELE,1 OF 1
CLINTON FALLS,T004,74,STEELE,1 OF 1
DEERFIELD,T005,74,STEELE,1 OF 1
HAVANA,T006,74,STEELE,1 OF 1
LEMOND,T007,74,STEELE,1 OF 1
MEDFORD,T008,74,STEELE,1 OF 1
MERIDAN,T009,74,STEELE,1 OF 1
MERTON,T010,74,STEELE,1 OF 1
OWATONNA,T011,74,STEELE,1 OF 1
SOMERSET,T012,74,STEELE,1 OF 1
SUMMIT,T013,74,STEELE,1 OF 1
BAKER,T001,75,STEVENS,1 OF 1
DARNEN,T002,75,STEVENS,1 OF 1
DONNELLY,T003,75,STEVENS,1 OF 1
ELDORADO,T004,75,STEVENS,1 OF 1
EVERGLADE,T005,75,STEVENS,1 OF 1
FRAMNAS,T006,75,STEVENS,1 OF 1
HODGES,T007,75,STEVENS,1 OF 1
HORTON,T008,75,STEVENS,1 OF 1
MOORE,T009,75,STEVENS,1 OF 1
MORRIS,T010,75,STEVENS,1 OF 1
PEPPERTON,T011,75,STEVENS,1 OF 1
RENDSVILLE,T012,75,STEVENS,1 OF 1
SCOTT,T013,75,STEVENS,1 OF 1
STEVENS,T014,75,STEVENS,1 OF 1
SWAN LAKE,T015,75,STEVENS,1 OF 1
SYNNES,T016,75,STEVENS,1 OF 1
APPLETON,T001,76,SWIFT,1 OF 1
BENSON,T002,76,SWIFT,1 OF 1
CAMP LAKE,T003,76,SWIFT,1 OF 1
CASHEL,T004,76,SWIFT,1 OF 1
CLONTARF,T005,76,SWIFT,1 OF 1
DUBLIN,T006,76,SWIFT,1 OF 1
EDISON,T007,76,SWIFT,1 OF 1
FAIRFIELD,T008,76,SWIFT,1 OF 1
HAYES,T009,76,SWIFT,1 OF 1
HEGBERT,T010,76,SWIFT,1 OF 1
KERKHOVEN,T011,76,SWIFT,1 OF 1
KILDARE,T012,76,SWIFT,1 OF 1
MARYSLAND,T013,76,SWIFT,1 OF 1
MOYER,T014,76,SWIFT,1 OF 1
PILLSBURY,T015,76,SWIFT,1 OF 1
SHIBLE,T016,76,SWIFT,1 OF 1
SIX MILE GROVE,T017,76,SWIFT,1 OF 1
SWENODA,T018,76,SWIFT,1 OF 1
TARA,T019,76,SWIFT,1 OF 1
TORNING,T020,76,SWIFT,1 OF 1
WEST BANK,T021,76,SWIFT,1 OF 1
BARTLETT,T001,77,TODD,1 OF 1
BERTHA,T002,77,TODD,1 OF 1
BIRCHDALE,T003,77,TODD,1 OF 1
BRUCE,T004,77,TODD,1 OF 1
BURLEEN,T005,77,TODD,1 OF 1
BURMHAMVILLE,T006,77,TODD,1 OF 1
EAGLE VALLEY,T007,77,TODD,1 OF 1
FAWN LAKE,T008,77,TODD,1 OF 1
GERMANIA,T009,77,TODD,1 OF 1
GORDON,T010,77,TODD,1 OF 1
GREY EAGLE,T011,77,TODD,1 OF 1
HARTFORD,T012,77,TODD,1 OF 1
IONA,T013,77,TODD,1 OF 1
KANDOTA,T014,77,TODD,1 OF 1
LESLIE,T015,77,TODD,1 OF 1
LITTLE ELK,T016,77,TODD,1 OF 1
LITTLE SAUK,T017,77,TODD,1 OF 1
LONG PRAIRIE,T018,77,TODD,1 OF 1
MORAN,T019,77,TODD,1 OF 1
REYNOLDS,T020,77,TODD,1 OF 1
ROUND PRAIRIE,T021,77,TODD,1 OF 1
STAPLES,T022,77,TODD,1 OF 1
STOWE PRAIRIE,T023,77,TODD,1 OF 1
TURTLE CREEK,T024,77,TODD,1 OF 1
VILLARD,T025,77,TODD,1 OF 1
WARD,T026,77,TODD,1 OF 1
WEST UNION,T027,77,TODD,1 OF 1
WYKEHAM,T028,77,TODD,1 OF 1
ARTHUR,T001,78,TRAVERSE,1 OF 1
CLIFTON,T002,78,TRAVERSE,1 OF 1
CROKE,T003,78,TRAVERSE,1 OF 1
DOLLYMOUNT,T004,78,TRAVERSE,1 OF 1
FOLSOM,T005,78,TRAVERSE,1 OF 1
LAKE VALLEY,T006,78,TRAVERSE,1 OF 1
LEONARDSVILLE,T007,78,TRAVERSE,1 OF 1
MONSON,T008,78,TRAVERSE,1 OF 1
PARNELL,T009,78,TRAVERSE,1 OF 1
REDPATH,T010,78,TRAVERSE,1 OF 1
TARA,T011,78,TRAVERSE,1 OF 1
TAYLOR,T012,78,TRAVERSE,1 OF 1
TINTAH,T013,78,TRAVERSE,1 OF 1
WALLS,T014,78,TRAVERSE,1 OF 1
WINDSOR,T015,78,TRAVERSE,1 OF 1
CHESTER,T001,79,WABASHA,1 OF 1
ELGIN,T002,79,WABASHA,1 OF 1
GILLFORD,T003,79,WABASHA,1 OF 1
GLASGOW,T004,79,WABASHA,1 OF 1
GREENFIELD,T005,79,WABASHA,1 OF 1
HIGHLAND,T006,79,WABASHA,1 OF 1
HYDE PARK,T007,79,WABASHA,1 OF 1
LAKE,T008,79,WABASHA,1 OF 1
MAZEPPA,T009,79,WABASHA,1 OF 1
MINNEISKA,T010,79,WABASHA,1 OF 1
MOUNT PLEASANT,T011,79,WABASHA,1 OF 1
OAKWOOD,T012,79,WABASHA,1 OF 1
PEPIN,T013,79,WABASHA,1 OF 1
PLAINVIEW,T014,79,WABASHA,1 OF 1
WATOPA,T015,79,WABASHA,1 OF 1
WEST ALBANY,T016,79,WABASHA,1 OF 1
ZUMBRO,T017,79,WABASHA,1 OF 1
ALDRICH,T001,80,WADENA,1 OF 1
BLUEBERRY,T002,80,WADENA,1 OF 1
BULLARD,T003,80,WADENA,1 OF 1
HUNTERSVILLE,T004,80,WADENA,1 OF 1
LEAF RIVER,T005,80,WADENA,1 OF 1
LYONS,T006,80,WADENA,1 OF 1
MEADOW,T007,80,WADENA,1 OF 1
NORTH GERMANY,T008,80,WADENA,1 OF 1
ORTON,T009,80,WADENA,1 OF 1
RED EYE,T010,80,WADENA,1 OF 1
ROCKWOOD,T011,80,WADENA,1 OF 1
SHELL RIVER,T012,80,WADENA,1 OF 1
THOMASTOWN,T013,80,WADENA,1 OF 1
WADENA,T014,80,WADENA,1 OF 1
WING RIVER,T015,80,WADENA,1 OF 1
ALTON,T001,81,WASECA,1 OF 1
BLOOMING GROVE,T002,81,WASECA,1 OF 1
BYRON,T003,81,WASECA,1 OF 1
FREEDOM,T004,81,WASECA,1 OF 1
IOSCO,T005,81,WASECA,1 OF 1
JANESVILLE,T006,81,WASECA,1 OF 1
NEW RICHLAND,T007,81,WASECA,1 OF 1
OTISCO,T008,81,WASECA,1 OF 1
ST MARY,T009,81,WASECA,1 OF 1
VIVIAN,T010,81,WASECA,1 OF 1
WILTON,T011,81,WASECA,1 OF 1
WOODVILLE,T012,81,WASECA,1 OF 1
BAYTOWN,T001,82,WASHINGTON,1 OF 2
DENMARK,T002,82,WASHINGTON,1 OF 2
FOREST LAKE,T003,82,WASHINGTON,2 OF 2
GRANT,T004,82,WASHINGTON,2 OF 2
GREY CLOUD ISLAND,T005,82,WASHINGTON,1 OF 2
MAY,T007,82,WASHINGTON,2 OF 2
NEW SCANDIA,T008,82,WASHINGTON,2 OF 2
STILLWATER,T010,82,WASHINGTON,2 OF 2
WEST LAKELAND,T011,82,WASHINGTON,1 OF 2
ADRIAN,T001,83,WATONWAN,1 OF 1
ANTRIM,T002,83,WATONWAN,1 OF 1
BUTTERFIELD,T003,83,WATONWAN,1 OF 1
FIELDON,T004,83,WATONWAN,1 OF 1
LONG LAKE,T005,83,WATONWAN,1 OF 1
MADELIA,T006,83,WATONWAN,1 OF 1
NELSON,T007,83,WATONWAN,1 OF 1
ODIN,T008,83,WATONWAN,1 OF 1
RIVERDALE,T009,83,WATONWAN,1 OF 1
ROSENDALE,T010,83,WATONWAN,1 OF 1
SOUTH BRANCH,T012,83,WATONWAN,1 OF 1
ST JAMES,T011,83,WATONWAN,1 OF 1
AKRON,T001,84,WILKIN,1 OF 1
ANDREA,T002,84,WILKIN,1 OF 1
ATHERTON,T003,84,WILKIN,1 OF 1
BRADFORD,T004,84,WILKIN,1 OF 1
BRANDRUP,T005,84,WILKIN,1 OF 1
BRECKENRIDGE,T006,84,WILKIN,1 OF 1
CAMPBELL,T007,84,WILKIN,1 OF 1
CHAMPION,T008,84,WILKIN,1 OF 1
CONNELLY,T009,84,WILKIN,1 OF 1
DEERHORN,T010,84,WILKIN,1 OF 1
FOXHOME,T011,84,WILKIN,1 OF 1
MANSTON,T013,84,WILKIN,1 OF 1
MC CAULEYVILLE,T012,84,WILKIN,1 OF 1
MEADOWS,T014,84,WILKIN,1 OF 1
MITCHELL,T015,84,WILKIN,1 OF 1
NILSEN,T016,84,WILKIN,1 OF 1
NORDICK,T017,84,WILKIN,1 OF 1
PRAIRIE VIEW,T018,84,WILKIN,1 OF 1
ROBERTS,T019,84,WILKIN,1 OF 1
SUNNYSIDE,T020,84,WILKIN,1 OF 1
TANBERG,T021,84,WILKIN,1 OF 1
WOLVERTON,T022,84,WILKIN,1 OF 1
DRESBACH,T001,85,WINONA,1 OF 1
ELBA,T002,85,WINONA,1 OF 1
FREMONT,T003,85,WINONA,1 OF 1
HART,T004,85,WINONA,1 OF 1
HILLSDALE,T005,85,WINONA,1 OF 1
HOMER,T006,85,WINONA,1 OF 1
MOUNT VERNON,T007,85,WINONA,1 OF 1
NEW HARTFORD,T008,85,WINONA,1 OF 1
NORTON,T009,85,WINONA,1 OF 1
PLEASANT HILL,T010,85,WINONA,1 OF 1
RICHMOND,T011,85,WINONA,1 OF 1
ROLLING STONE,T012,85,WINONA,1 OF 1
SARATOGA,T014,85,WINONA,1 OF 1
ST CHARLES,T013,85,WINONA,1 OF 1
UTICA,T015,85,WINONA,1 OF 1
WARREN,T016,85,WINONA,1 OF 1
WHITEWATER,T017,85,WINONA,1 OF 1
WILSON,T018,85,WINONA,1 OF 1
WINONA,T019,85,WINONA,1 OF 1
WISCOY,T020,85,WINONA,1 OF 1
ALBION,T001,86,WRIGHT,1 OF 1
BUFFALO,T002,86,WRIGHT,1 OF 1
CHATHAM,T003,86,WRIGHT,1 OF 1
CLEARWATER,T004,86,WRIGHT,1 OF 1
COKATO,T005,86,WRIGHT,1 OF 1
CORINNA,T006,86,WRIGHT,1 OF 1
FRANKFORT,T007,86,WRIGHT,1 OF 1
FRANKLYN,T008,86,WRIGHT,1 OF 1
FRENCH LAKE,T009,86,WRIGHT,1 OF 1
MAPLE LAKE,T010,86,WRIGHT,1 OF 1
MARYSVILLE,T011,86,WRIGHT,1 OF 1
MIDDLEVILLE,T012,86,WRIGHT,1 OF 1
MONTICELLO,T013,86,WRIGHT,1 OF 1
ROCKFORD,T015,86,WRIGHT,1 OF 1
SILVER CREEK,T016,86,WRIGHT,1 OF 1
SOUTH SIDE,T017,86,WRIGHT,1 OF 1
STOCKHOLM,T018,86,WRIGHT,1 OF 1
VICTOR,T019,86,WRIGHT,1 OF 1
WOODLAND,T020,86,WRIGHT,1 OF 1
BURTON,T001,87,YELLOW MEDICINE,1 OF 1
ECHO,T002,87,YELLOW MEDICINE,1 OF 1
FLORIDA,T003,87,YELLOW MEDICINE,1 OF 1
FORTIER,T004,87,YELLOW MEDICINE,1 OF 1
FRIENDSHIP,T005,87,YELLOW MEDICINE,1 OF 1
HAMMER,T006,87,YELLOW MEDICINE,1 OF 1
HAZEL RUN,T007,87,YELLOW MEDICINE,1 OF 1
LISBON,T008,87,YELLOW MEDICINE,1 OF 1
MINNESOTA FALLS,T009,87,YELLOW MEDICINE,1 OF 1
NORMAN,T010,87,YELLOW MEDICINE,1 OF 1
NORMANIA,T011,87,YELLOW MEDICINE,1 OF 1
OMRO,T012,87,YELLOW MEDICINE,1 OF 1
OSHKOSH,T013,87,YELLOW MEDICINE,1 OF 1
POSEN,T014,87,YELLOW MEDICINE,1 OF 1
SANDNES,T015,87,YELLOW MEDICINE,1 OF 1
SIOUX AGENCY,T016,87,YELLOW MEDICINE,1 OF 1
STONY RUN,T017,87,YELLOW MEDICINE,1 OF 1
SWEDE PRAIRIE,T018,87,YELLOW MEDICINE,1 OF 1
TYRO,T019,87,YELLOW MEDICINE,1 OF 1
WERGELAND,T020,87,YELLOW MEDICINE,1 OF 1
WOOD LAKE,T021,87,YELLOW MEDICINE,1 OF 1